var_study,var_name,category
CPP,SUBJID,ANTHRO
ki0047075-MAL-ED,SUBJID,ANTHRO
ki1000108-CMC-V-BCS-2002,SUBJID,ANTHRO
ki1000109-EE,SUBJID,ANTHRO
ki1000109-Grip,SUBJID,ANTHRO
ki1000109-ResPak,SUBJID,ANTHRO
ki1000130-POPS,SUBJID,ANTHRO
ki1000130-SMOCC,SUBJID,ANTHRO
ki1000145-BIGCS Ultrasound,SUBJID,ANTHRO
ki1017093-NIH-Birth,SUBJID,ANTHRO
ki1017093-NIH-Preschool,SUBJID,ANTHRO
ki1017093-PROVIDE,SUBJID,ANTHRO
ki1101329-Keneba,SUBJID,ANTHRO
ki1112895-Bangladesh Diarrhea,SUBJID,ANTHRO
ki1112895-Burkina Faso Zn,SUBJID,ANTHRO
ki1112895-Ecuador Zn,SUBJID,ANTHRO
ki1112895-Guatemala BSC,SUBJID,ANTHRO
ki1112895-Peru Huascar,SUBJID,ANTHRO
ki1112895-Peru PersistDiarrhea,SUBJID,ANTHRO
ki1112895-Peru Zn,SUBJID,ANTHRO
ki1112895-iLiNS-Zinc,SUBJID,ANTHRO
ki1113344-GMS-Nepal,SUBJID,ANTHRO
ki1114097-CMIN,SUBJID,ANTHRO
ki1114097-CONTENT,SUBJID,ANTHRO
ki1119695-PROBIT,SUBJID,ANTHRO
ki1120016-BAMBAM,SUBJID,ANTHRO
ki1126311-ZVITAMBO,SUBJID,ANTHRO
ki1126927-GUSTO,SUBJID,ANTHRO
ki1135781-COHORTS,SUBJID,ANTHRO
ki1135782-INCAP,SUBJID,ANTHRO
ki1135978-Fels,SUBJID,ANTHRO
kiGH5241-JiVitA-3,SUBJID,ANTHRO
kiGH5241-JiVitA-4,SUBJID,ANTHRO
CPP,AGEDAYS,ANTHRO
ki0047075-MAL-ED,AGEDAYS,ANTHRO
ki1000108-CMC-V-BCS-2002,AGEDAYS,ANTHRO
ki1000109-EE,AGEDAYS,ANTHRO
ki1000109-Grip,AGEDAYS,ANTHRO
ki1000109-ResPak,AGEDAYS,ANTHRO
ki1000130-POPS,AGEDAYS,ANTHRO
ki1000130-SMOCC,AGEDAYS,ANTHRO
ki1000145-BIGCS Ultrasound,AGEDAYS,ANTHRO
ki1017093-NIH-Birth,AGEDAYS,ANTHRO
ki1017093-NIH-Preschool,AGEDAYS,ANTHRO
ki1017093-PROVIDE,AGEDAYS,ANTHRO
ki1101329-Keneba,AGEDAYS,ANTHRO
ki1112895-Bangladesh Diarrhea,AGEDAYS,ANTHRO
ki1112895-Burkina Faso Zn,AGEDAYS,ANTHRO
ki1112895-Ecuador Zn,AGEDAYS,ANTHRO
ki1112895-Guatemala BSC,AGEDAYS,ANTHRO
ki1112895-Peru Huascar,AGEDAYS,ANTHRO
ki1112895-Peru PersistDiarrhea,AGEDAYS,ANTHRO
ki1112895-Peru Zn,AGEDAYS,ANTHRO
ki1112895-iLiNS-Zinc,AGEDAYS,ANTHRO
ki1113344-GMS-Nepal,AGEDAYS,ANTHRO
ki1114097-CMIN,AGEDAYS,ANTHRO
ki1114097-CONTENT,AGEDAYS,ANTHRO
ki1119695-PROBIT,AGEDAYS,ANTHRO
ki1120016-BAMBAM,AGEDAYS,ANTHRO
ki1126311-ZVITAMBO,AGEDAYS,ANTHRO
ki1126927-GUSTO,AGEDAYS,ANTHRO
ki1135781-COHORTS,AGEDAYS,ANTHRO
ki1135782-INCAP,AGEDAYS,ANTHRO
ki1135978-Fels,AGEDAYS,ANTHRO
kiGH5241-JiVitA-3,AGEDAYS,ANTHRO
kiGH5241-JiVitA-4,AGEDAYS,ANTHRO
ki1000109-EE,GAGEDAYS,ANTHRO
ki1000130-POPS,GAGEDAYS,ANTHRO
ki1000145-BIGCS Ultrasound,GAGEDAYS,ANTHRO
ki1120016-BAMBAM,GAGEDAYS,ANTHRO
ki1126927-GUSTO,GAGEDAYS,ANTHRO
kiGH5241-JiVitA-3,GAGEDAYS,ANTHRO
ki1113344-GMS-Nepal,AGEIMPFL,ANTHRO
ki1126927-GUSTO,AGEIMPFL,ANTHRO
ki1135781-COHORTS,AGEIMPFL,ANTHRO
ki1135782-INCAP,AGEIMPFL,ANTHRO
ki1017093-PROVIDE,VISITNUM,ANTHRO
ki1113344-GMS-Nepal,VISITNUM,ANTHRO
ki1126927-GUSTO,VISITNUM,ANTHRO
kiGH5241-JiVitA-4,VISITNUM,ANTHRO
ki1113344-GMS-Nepal,VISITDY,ANTHRO
ki1126927-GUSTO,VISITDY,ANTHRO
ki1112895-iLiNS-Zinc,ANTPTNUM,ANTHRO
ki1135781-COHORTS,ANTPTNUM,ANTHRO
kiGH5241-JiVitA-3,ANTPTNUM,ANTHRO
CPP,ANTPT,ANTHRO
ki1112895-iLiNS-Zinc,ANTPT,ANTHRO
ki1135781-COHORTS,ANTPT,ANTHRO
kiGH5241-JiVitA-3,ANTPT,ANTHRO
CPP,WTKG,ANTHRO
ki0047075-MAL-ED,WTKG,ANTHRO
ki1000108-CMC-V-BCS-2002,WTKG,ANTHRO
ki1000109-EE,WTKG,ANTHRO
ki1000109-Grip,WTKG,ANTHRO
ki1000109-ResPak,WTKG,ANTHRO
ki1000130-POPS,WTKG,ANTHRO
ki1000130-SMOCC,WTKG,ANTHRO
ki1000145-BIGCS Ultrasound,WTKG,ANTHRO
ki1017093-NIH-Birth,WTKG,ANTHRO
ki1017093-NIH-Preschool,WTKG,ANTHRO
ki1017093-PROVIDE,WTKG,ANTHRO
ki1101329-Keneba,WTKG,ANTHRO
ki1112895-Bangladesh Diarrhea,WTKG,ANTHRO
ki1112895-Burkina Faso Zn,WTKG,ANTHRO
ki1112895-Ecuador Zn,WTKG,ANTHRO
ki1112895-Guatemala BSC,WTKG,ANTHRO
ki1112895-Peru Huascar,WTKG,ANTHRO
ki1112895-Peru PersistDiarrhea,WTKG,ANTHRO
ki1112895-Peru Zn,WTKG,ANTHRO
ki1112895-iLiNS-Zinc,WTKG,ANTHRO
ki1113344-GMS-Nepal,WTKG,ANTHRO
ki1114097-CMIN,WTKG,ANTHRO
ki1114097-CONTENT,WTKG,ANTHRO
ki1119695-PROBIT,WTKG,ANTHRO
ki1120016-BAMBAM,WTKG,ANTHRO
ki1126311-ZVITAMBO,WTKG,ANTHRO
ki1126927-GUSTO,WTKG,ANTHRO
ki1135781-COHORTS,WTKG,ANTHRO
ki1135782-INCAP,WTKG,ANTHRO
ki1135978-Fels,WTKG,ANTHRO
kiGH5241-JiVitA-3,WTKG,ANTHRO
kiGH5241-JiVitA-4,WTKG,ANTHRO
CPP,HTCM,ANTHRO
ki1000108-CMC-V-BCS-2002,HTCM,ANTHRO
ki1000109-EE,HTCM,ANTHRO
ki1000130-POPS,HTCM,ANTHRO
ki1000130-SMOCC,HTCM,ANTHRO
ki1017093-NIH-Birth,HTCM,ANTHRO
ki1017093-NIH-Preschool,HTCM,ANTHRO
ki1017093-PROVIDE,HTCM,ANTHRO
ki1101329-Keneba,HTCM,ANTHRO
ki1112895-Bangladesh Diarrhea,HTCM,ANTHRO
ki1112895-Ecuador Zn,HTCM,ANTHRO
ki1112895-Peru PersistDiarrhea,HTCM,ANTHRO
ki1113344-GMS-Nepal,HTCM,ANTHRO
ki1119695-PROBIT,HTCM,ANTHRO
ki1120016-BAMBAM,HTCM,ANTHRO
ki1126927-GUSTO,HTCM,ANTHRO
ki1135781-COHORTS,HTCM,ANTHRO
ki1135782-INCAP,HTCM,ANTHRO
ki1135978-Fels,HTCM,ANTHRO
kiGH5241-JiVitA-3,HTCM,ANTHRO
CPP,LENCM,ANTHRO
ki0047075-MAL-ED,LENCM,ANTHRO
ki1000109-EE,LENCM,ANTHRO
ki1000109-Grip,LENCM,ANTHRO
ki1000109-ResPak,LENCM,ANTHRO
ki1000130-POPS,LENCM,ANTHRO
ki1000145-BIGCS Ultrasound,LENCM,ANTHRO
ki1017093-NIH-Birth,LENCM,ANTHRO
ki1017093-PROVIDE,LENCM,ANTHRO
ki1112895-Bangladesh Diarrhea,LENCM,ANTHRO
ki1112895-Burkina Faso Zn,LENCM,ANTHRO
ki1112895-Ecuador Zn,LENCM,ANTHRO
ki1112895-Guatemala BSC,LENCM,ANTHRO
ki1112895-Peru Huascar,LENCM,ANTHRO
ki1112895-Peru PersistDiarrhea,LENCM,ANTHRO
ki1112895-Peru Zn,LENCM,ANTHRO
ki1112895-iLiNS-Zinc,LENCM,ANTHRO
ki1113344-GMS-Nepal,LENCM,ANTHRO
ki1114097-CMIN,LENCM,ANTHRO
ki1114097-CONTENT,LENCM,ANTHRO
ki1119695-PROBIT,LENCM,ANTHRO
ki1120016-BAMBAM,LENCM,ANTHRO
ki1126311-ZVITAMBO,LENCM,ANTHRO
ki1126927-GUSTO,LENCM,ANTHRO
ki1135781-COHORTS,LENCM,ANTHRO
ki1135782-INCAP,LENCM,ANTHRO
ki1135978-Fels,LENCM,ANTHRO
kiGH5241-JiVitA-3,LENCM,ANTHRO
kiGH5241-JiVitA-4,LENCM,ANTHRO
CPP,BMI,ANTHRO
ki0047075-MAL-ED,BMI,ANTHRO
ki1000108-CMC-V-BCS-2002,BMI,ANTHRO
ki1000109-EE,BMI,ANTHRO
ki1000109-Grip,BMI,ANTHRO
ki1000109-ResPak,BMI,ANTHRO
ki1000130-POPS,BMI,ANTHRO
ki1000130-SMOCC,BMI,ANTHRO
ki1000145-BIGCS Ultrasound,BMI,ANTHRO
ki1017093-NIH-Birth,BMI,ANTHRO
ki1017093-NIH-Preschool,BMI,ANTHRO
ki1017093-PROVIDE,BMI,ANTHRO
ki1101329-Keneba,BMI,ANTHRO
ki1112895-Bangladesh Diarrhea,BMI,ANTHRO
ki1112895-Burkina Faso Zn,BMI,ANTHRO
ki1112895-Ecuador Zn,BMI,ANTHRO
ki1112895-Guatemala BSC,BMI,ANTHRO
ki1112895-Peru Huascar,BMI,ANTHRO
ki1112895-Peru PersistDiarrhea,BMI,ANTHRO
ki1112895-Peru Zn,BMI,ANTHRO
ki1112895-iLiNS-Zinc,BMI,ANTHRO
ki1113344-GMS-Nepal,BMI,ANTHRO
ki1114097-CMIN,BMI,ANTHRO
ki1114097-CONTENT,BMI,ANTHRO
ki1119695-PROBIT,BMI,ANTHRO
ki1120016-BAMBAM,BMI,ANTHRO
ki1126927-GUSTO,BMI,ANTHRO
ki1135781-COHORTS,BMI,ANTHRO
ki1135782-INCAP,BMI,ANTHRO
ki1135978-Fels,BMI,ANTHRO
kiGH5241-JiVitA-3,BMI,ANTHRO
kiGH5241-JiVitA-4,BMI,ANTHRO
CPP,HCIRCM,ANTHRO
ki0047075-MAL-ED,HCIRCM,ANTHRO
ki1000109-EE,HCIRCM,ANTHRO
ki1000130-POPS,HCIRCM,ANTHRO
ki1000130-SMOCC,HCIRCM,ANTHRO
ki1000145-BIGCS Ultrasound,HCIRCM,ANTHRO
ki1101329-Keneba,HCIRCM,ANTHRO
ki1112895-Peru Huascar,HCIRCM,ANTHRO
ki1112895-iLiNS-Zinc,HCIRCM,ANTHRO
ki1119695-PROBIT,HCIRCM,ANTHRO
ki1120016-BAMBAM,HCIRCM,ANTHRO
ki1126311-ZVITAMBO,HCIRCM,ANTHRO
ki1126927-GUSTO,HCIRCM,ANTHRO
ki1135782-INCAP,HCIRCM,ANTHRO
ki1135978-Fels,HCIRCM,ANTHRO
kiGH5241-JiVitA-3,HCIRCM,ANTHRO
kiGH5241-JiVitA-4,HCIRCM,ANTHRO
ki1120016-BAMBAM,HCIRMRI,ANTHRO
ki1000109-EE,MUACCM,ANTHRO
ki1000145-BIGCS Ultrasound,MUACCM,ANTHRO
ki1017093-NIH-Birth,MUACCM,ANTHRO
ki1101329-Keneba,MUACCM,ANTHRO
ki1112895-Bangladesh Diarrhea,MUACCM,ANTHRO
ki1112895-Burkina Faso Zn,MUACCM,ANTHRO
ki1112895-Guatemala BSC,MUACCM,ANTHRO
ki1112895-Peru Huascar,MUACCM,ANTHRO
ki1112895-Peru PersistDiarrhea,MUACCM,ANTHRO
ki1112895-Peru Zn,MUACCM,ANTHRO
ki1112895-iLiNS-Zinc,MUACCM,ANTHRO
ki1119695-PROBIT,MUACCM,ANTHRO
ki1126927-GUSTO,MUACCM,ANTHRO
ki1135782-INCAP,MUACCM,ANTHRO
ki1135978-Fels,MUACCM,ANTHRO
kiGH5241-JiVitA-3,MUACCM,ANTHRO
kiGH5241-JiVitA-4,MUACCM,ANTHRO
ki1000145-BIGCS Ultrasound,TSFTMM,ANTHRO
ki1101329-Keneba,TSFTMM,ANTHRO
ki1112895-Bangladesh Diarrhea,TSFTMM,ANTHRO
ki1112895-Peru PersistDiarrhea,TSFTMM,ANTHRO
ki1119695-PROBIT,TSFTMM,ANTHRO
ki1126927-GUSTO,TSFTMM,ANTHRO
ki1135781-COHORTS,TSFTMM,ANTHRO
ki1135782-INCAP,TSFTMM,ANTHRO
ki1135978-Fels,TSFTMM,ANTHRO
ki1000145-BIGCS Ultrasound,SSFTMM,ANTHRO
ki1112895-Peru PersistDiarrhea,SSFTMM,ANTHRO
ki1119695-PROBIT,SSFTMM,ANTHRO
ki1126927-GUSTO,SSFTMM,ANTHRO
ki1135781-COHORTS,SSFTMM,ANTHRO
ki1135782-INCAP,SSFTMM,ANTHRO
ki1135978-Fels,SSFTMM,ANTHRO
CPP,WAZ,ANTHRO
ki0047075-MAL-ED,WAZ,ANTHRO
ki1000108-CMC-V-BCS-2002,WAZ,ANTHRO
ki1000109-EE,WAZ,ANTHRO
ki1000109-Grip,WAZ,ANTHRO
ki1000109-ResPak,WAZ,ANTHRO
ki1000130-POPS,WAZ,ANTHRO
ki1000130-SMOCC,WAZ,ANTHRO
ki1000145-BIGCS Ultrasound,WAZ,ANTHRO
ki1017093-NIH-Birth,WAZ,ANTHRO
ki1017093-NIH-Preschool,WAZ,ANTHRO
ki1017093-PROVIDE,WAZ,ANTHRO
ki1101329-Keneba,WAZ,ANTHRO
ki1112895-Bangladesh Diarrhea,WAZ,ANTHRO
ki1112895-Burkina Faso Zn,WAZ,ANTHRO
ki1112895-Ecuador Zn,WAZ,ANTHRO
ki1112895-Guatemala BSC,WAZ,ANTHRO
ki1112895-Peru Huascar,WAZ,ANTHRO
ki1112895-Peru PersistDiarrhea,WAZ,ANTHRO
ki1112895-Peru Zn,WAZ,ANTHRO
ki1112895-iLiNS-Zinc,WAZ,ANTHRO
ki1113344-GMS-Nepal,WAZ,ANTHRO
ki1114097-CMIN,WAZ,ANTHRO
ki1114097-CONTENT,WAZ,ANTHRO
ki1119695-PROBIT,WAZ,ANTHRO
ki1120016-BAMBAM,WAZ,ANTHRO
ki1126311-ZVITAMBO,WAZ,ANTHRO
ki1126927-GUSTO,WAZ,ANTHRO
ki1135781-COHORTS,WAZ,ANTHRO
ki1135782-INCAP,WAZ,ANTHRO
ki1135978-Fels,WAZ,ANTHRO
kiGH5241-JiVitA-3,WAZ,ANTHRO
kiGH5241-JiVitA-4,WAZ,ANTHRO
CPP,HAZ,ANTHRO
ki0047075-MAL-ED,HAZ,ANTHRO
ki1000108-CMC-V-BCS-2002,HAZ,ANTHRO
ki1000109-EE,HAZ,ANTHRO
ki1000109-Grip,HAZ,ANTHRO
ki1000109-ResPak,HAZ,ANTHRO
ki1000130-POPS,HAZ,ANTHRO
ki1000130-SMOCC,HAZ,ANTHRO
ki1000145-BIGCS Ultrasound,HAZ,ANTHRO
ki1017093-NIH-Birth,HAZ,ANTHRO
ki1017093-NIH-Preschool,HAZ,ANTHRO
ki1017093-PROVIDE,HAZ,ANTHRO
ki1101329-Keneba,HAZ,ANTHRO
ki1112895-Bangladesh Diarrhea,HAZ,ANTHRO
ki1112895-Burkina Faso Zn,HAZ,ANTHRO
ki1112895-Ecuador Zn,HAZ,ANTHRO
ki1112895-Guatemala BSC,HAZ,ANTHRO
ki1112895-Peru Huascar,HAZ,ANTHRO
ki1112895-Peru PersistDiarrhea,HAZ,ANTHRO
ki1112895-Peru Zn,HAZ,ANTHRO
ki1112895-iLiNS-Zinc,HAZ,ANTHRO
ki1113344-GMS-Nepal,HAZ,ANTHRO
ki1114097-CMIN,HAZ,ANTHRO
ki1114097-CONTENT,HAZ,ANTHRO
ki1119695-PROBIT,HAZ,ANTHRO
ki1120016-BAMBAM,HAZ,ANTHRO
ki1126311-ZVITAMBO,HAZ,ANTHRO
ki1126927-GUSTO,HAZ,ANTHRO
ki1135781-COHORTS,HAZ,ANTHRO
ki1135782-INCAP,HAZ,ANTHRO
ki1135978-Fels,HAZ,ANTHRO
kiGH5241-JiVitA-3,HAZ,ANTHRO
kiGH5241-JiVitA-4,HAZ,ANTHRO
CPP,WHZ,ANTHRO
ki0047075-MAL-ED,WHZ,ANTHRO
ki1000108-CMC-V-BCS-2002,WHZ,ANTHRO
ki1000109-EE,WHZ,ANTHRO
ki1000109-Grip,WHZ,ANTHRO
ki1000109-ResPak,WHZ,ANTHRO
ki1000130-POPS,WHZ,ANTHRO
ki1000130-SMOCC,WHZ,ANTHRO
ki1000145-BIGCS Ultrasound,WHZ,ANTHRO
ki1017093-NIH-Birth,WHZ,ANTHRO
ki1017093-NIH-Preschool,WHZ,ANTHRO
ki1017093-PROVIDE,WHZ,ANTHRO
ki1101329-Keneba,WHZ,ANTHRO
ki1112895-Bangladesh Diarrhea,WHZ,ANTHRO
ki1112895-Burkina Faso Zn,WHZ,ANTHRO
ki1112895-Ecuador Zn,WHZ,ANTHRO
ki1112895-Guatemala BSC,WHZ,ANTHRO
ki1112895-Peru Huascar,WHZ,ANTHRO
ki1112895-Peru PersistDiarrhea,WHZ,ANTHRO
ki1112895-Peru Zn,WHZ,ANTHRO
ki1112895-iLiNS-Zinc,WHZ,ANTHRO
ki1113344-GMS-Nepal,WHZ,ANTHRO
ki1114097-CMIN,WHZ,ANTHRO
ki1114097-CONTENT,WHZ,ANTHRO
ki1119695-PROBIT,WHZ,ANTHRO
ki1120016-BAMBAM,WHZ,ANTHRO
ki1126311-ZVITAMBO,WHZ,ANTHRO
ki1126927-GUSTO,WHZ,ANTHRO
ki1135781-COHORTS,WHZ,ANTHRO
ki1135782-INCAP,WHZ,ANTHRO
ki1135978-Fels,WHZ,ANTHRO
kiGH5241-JiVitA-3,WHZ,ANTHRO
kiGH5241-JiVitA-4,WHZ,ANTHRO
CPP,BAZ,ANTHRO
ki0047075-MAL-ED,BAZ,ANTHRO
ki1000108-CMC-V-BCS-2002,BAZ,ANTHRO
ki1000109-EE,BAZ,ANTHRO
ki1000109-Grip,BAZ,ANTHRO
ki1000109-ResPak,BAZ,ANTHRO
ki1000130-POPS,BAZ,ANTHRO
ki1000130-SMOCC,BAZ,ANTHRO
ki1000145-BIGCS Ultrasound,BAZ,ANTHRO
ki1017093-NIH-Birth,BAZ,ANTHRO
ki1017093-NIH-Preschool,BAZ,ANTHRO
ki1017093-PROVIDE,BAZ,ANTHRO
ki1101329-Keneba,BAZ,ANTHRO
ki1112895-Bangladesh Diarrhea,BAZ,ANTHRO
ki1112895-Burkina Faso Zn,BAZ,ANTHRO
ki1112895-Ecuador Zn,BAZ,ANTHRO
ki1112895-Guatemala BSC,BAZ,ANTHRO
ki1112895-Peru Huascar,BAZ,ANTHRO
ki1112895-Peru PersistDiarrhea,BAZ,ANTHRO
ki1112895-Peru Zn,BAZ,ANTHRO
ki1112895-iLiNS-Zinc,BAZ,ANTHRO
ki1113344-GMS-Nepal,BAZ,ANTHRO
ki1114097-CMIN,BAZ,ANTHRO
ki1114097-CONTENT,BAZ,ANTHRO
ki1119695-PROBIT,BAZ,ANTHRO
ki1120016-BAMBAM,BAZ,ANTHRO
ki1126311-ZVITAMBO,BAZ,ANTHRO
ki1126927-GUSTO,BAZ,ANTHRO
ki1135781-COHORTS,BAZ,ANTHRO
ki1135782-INCAP,BAZ,ANTHRO
ki1135978-Fels,BAZ,ANTHRO
kiGH5241-JiVitA-3,BAZ,ANTHRO
kiGH5241-JiVitA-4,BAZ,ANTHRO
CPP,HCAZ,ANTHRO
ki0047075-MAL-ED,HCAZ,ANTHRO
ki1000109-EE,HCAZ,ANTHRO
ki1000130-POPS,HCAZ,ANTHRO
ki1000130-SMOCC,HCAZ,ANTHRO
ki1000145-BIGCS Ultrasound,HCAZ,ANTHRO
ki1101329-Keneba,HCAZ,ANTHRO
ki1112895-Peru Huascar,HCAZ,ANTHRO
ki1119695-PROBIT,HCAZ,ANTHRO
ki1120016-BAMBAM,HCAZ,ANTHRO
ki1126927-GUSTO,HCAZ,ANTHRO
ki1135782-INCAP,HCAZ,ANTHRO
ki1135978-Fels,HCAZ,ANTHRO
kiGH5241-JiVitA-3,HCAZ,ANTHRO
kiGH5241-JiVitA-4,HCAZ,ANTHRO
ki1120016-BAMBAM,HCMRIAZ,ANTHRO
ki1000109-EE,MUAZ,ANTHRO
ki1000145-BIGCS Ultrasound,MUAZ,ANTHRO
ki1017093-NIH-Birth,MUAZ,ANTHRO
ki1101329-Keneba,MUAZ,ANTHRO
ki1112895-Bangladesh Diarrhea,MUAZ,ANTHRO
ki1112895-Burkina Faso Zn,MUAZ,ANTHRO
ki1112895-Guatemala BSC,MUAZ,ANTHRO
ki1112895-Peru Huascar,MUAZ,ANTHRO
ki1112895-Peru PersistDiarrhea,MUAZ,ANTHRO
ki1112895-Peru Zn,MUAZ,ANTHRO
ki1126927-GUSTO,MUAZ,ANTHRO
ki1135782-INCAP,MUAZ,ANTHRO
ki1135978-Fels,MUAZ,ANTHRO
kiGH5241-JiVitA-3,MUAZ,ANTHRO
kiGH5241-JiVitA-4,MUAZ,ANTHRO
ki1000145-BIGCS Ultrasound,TSFTAZ,ANTHRO
ki1101329-Keneba,TSFTAZ,ANTHRO
ki1112895-Bangladesh Diarrhea,TSFTAZ,ANTHRO
ki1112895-Peru PersistDiarrhea,TSFTAZ,ANTHRO
ki1126927-GUSTO,TSFTAZ,ANTHRO
ki1135782-INCAP,TSFTAZ,ANTHRO
ki1135978-Fels,TSFTAZ,ANTHRO
ki1000145-BIGCS Ultrasound,SSFTAZ,ANTHRO
ki1112895-Peru PersistDiarrhea,SSFTAZ,ANTHRO
ki1126927-GUSTO,SSFTAZ,ANTHRO
ki1135782-INCAP,SSFTAZ,ANTHRO
ki1135978-Fels,SSFTAZ,ANTHRO
ki0047075-MAL-ED,R_WAZ,ANTHRO
ki1000109-Grip,R_WAZ,ANTHRO
ki1000109-ResPak,R_WAZ,ANTHRO
ki1000130-POPS,R_WAZ,ANTHRO
ki1017093-NIH-Birth,R_WAZ,ANTHRO
ki1017093-NIH-Preschool,R_WAZ,ANTHRO
ki1112895-Burkina Faso Zn,R_WAZ,ANTHRO
ki1112895-Peru Zn,R_WAZ,ANTHRO
ki1113344-GMS-Nepal,R_WAZ,ANTHRO
ki1135781-COHORTS,R_WAZ,ANTHRO
kiGH5241-JiVitA-3,R_WAZ,ANTHRO
kiGH5241-JiVitA-4,R_WAZ,ANTHRO
ki0047075-MAL-ED,R_HAZ,ANTHRO
ki1000109-Grip,R_HAZ,ANTHRO
ki1000109-ResPak,R_HAZ,ANTHRO
ki1000130-POPS,R_HAZ,ANTHRO
ki1017093-NIH-Birth,R_HAZ,ANTHRO
ki1017093-NIH-Preschool,R_HAZ,ANTHRO
ki1112895-Burkina Faso Zn,R_HAZ,ANTHRO
ki1112895-Peru Zn,R_HAZ,ANTHRO
ki1113344-GMS-Nepal,R_HAZ,ANTHRO
ki1135781-COHORTS,R_HAZ,ANTHRO
kiGH5241-JiVitA-3,R_HAZ,ANTHRO
kiGH5241-JiVitA-4,R_HAZ,ANTHRO
ki0047075-MAL-ED,R_WHZ,ANTHRO
ki1000109-Grip,R_WHZ,ANTHRO
ki1000109-ResPak,R_WHZ,ANTHRO
ki1000130-POPS,R_WHZ,ANTHRO
ki1017093-NIH-Birth,R_WHZ,ANTHRO
ki1017093-NIH-Preschool,R_WHZ,ANTHRO
ki1112895-Burkina Faso Zn,R_WHZ,ANTHRO
ki1112895-Peru Zn,R_WHZ,ANTHRO
ki1113344-GMS-Nepal,R_WHZ,ANTHRO
ki1135781-COHORTS,R_WHZ,ANTHRO
kiGH5241-JiVitA-3,R_WHZ,ANTHRO
kiGH5241-JiVitA-4,R_WHZ,ANTHRO
ki1000109-Grip,R_BAZ,ANTHRO
ki1000109-ResPak,R_BAZ,ANTHRO
ki1000130-POPS,R_BAZ,ANTHRO
ki1017093-NIH-Birth,R_BAZ,ANTHRO
ki1017093-NIH-Preschool,R_BAZ,ANTHRO
ki1112895-Burkina Faso Zn,R_BAZ,ANTHRO
ki1113344-GMS-Nepal,R_BAZ,ANTHRO
ki1135781-COHORTS,R_BAZ,ANTHRO
ki0047075-MAL-ED,R_HCAZ,ANTHRO
ki1000130-POPS,R_HCAZ,ANTHRO
kiGH5241-JiVitA-3,R_HCAZ,ANTHRO
kiGH5241-JiVitA-4,R_HCAZ,ANTHRO
ki1112895-Burkina Faso Zn,R_MUAZ,ANTHRO
ki1112895-Peru Zn,R_MUAZ,ANTHRO
kiGH5241-JiVitA-3,R_MUAZ,ANTHRO
kiGH5241-JiVitA-4,R_MUAZ,ANTHRO
ki1101329-Keneba,R_TSFTAZ,ANTHRO
ki1135978-Fels,BDYVOL,ANTHRO
ki1135782-INCAP,SITHTCM,ANTHRO
ki1135978-Fels,SITHTCM,ANTHRO
ki1126927-GUSTO,ARMLENCM,ANTHRO
ki1000145-BIGCS Ultrasound,ABCIRCM,ANTHRO
ki1126927-GUSTO,ABCIRCM,ANTHRO
ki1135782-INCAP,ABCIRCM,ANTHRO
ki1000145-BIGCS Ultrasound,ACAZ,ANTHRO
ki1126927-GUSTO,ACAZ,ANTHRO
ki1135978-Fels,ABCUMCM,ANTHRO
ki1135978-Fels,ABCILCM,ANTHRO
ki1000145-BIGCS Ultrasound,CHCIRCM,ANTHRO
ki1126927-GUSTO,CHCIRCM,ANTHRO
ki1135978-Fels,CHCIRCM,ANTHRO
kiGH5241-JiVitA-3,CHCIRCM,ANTHRO
kiGH5241-JiVitA-4,CHCIRCM,ANTHRO
ki1119695-PROBIT,HPCIRCM,ANTHRO
ki1135781-COHORTS,HPCIRCM,ANTHRO
ki1135978-Fels,HPCIRCM,ANTHRO
ki1135782-INCAP,CFCIRCM,ANTHRO
ki1135978-Fels,CFCIRCM,ANTHRO
ki1126927-GUSTO,THCIRCM,ANTHRO
ki1135978-Fels,THCIRCM,ANTHRO
ki1135978-Fels,WRCIRCM,ANTHRO
ki1119695-PROBIT,WSTCIRCM,ANTHRO
ki1135781-COHORTS,WSTCIRCM,ANTHRO
ki1135978-Fels,BICRBCM,ANTHRO
ki1135978-Fels,ELBRCM,ANTHRO
ki1126927-GUSTO,HUMERCM,ANTHRO
ki1135978-Fels,KNBRCM,ANTHRO
ki1112895-Peru PersistDiarrhea,BSFTMM,ANTHRO
ki1126927-GUSTO,BSFTMM,ANTHRO
ki1135978-Fels,BSFTMM,ANTHRO
ki1112895-Peru PersistDiarrhea,SIFTMM,ANTHRO
ki1126927-GUSTO,SIFTMM,ANTHRO
ki1135978-Fels,SIFTMM,ANTHRO
ki1135978-Fels,LCFTMM,ANTHRO
ki1135978-Fels,ACFTMM,ANTHRO
ki1135978-Fels,MXHFTMM,ANTHRO
ki1135978-Fels,MTSFTMM,ANTHRO
ki1000145-BIGCS Ultrasound,BPDCM,ANTHRO
ki1126927-GUSTO,BPDCM,ANTHRO
ki1000145-BIGCS Ultrasound,BPDAZ,ANTHRO
ki1126927-GUSTO,BPDAZ,ANTHRO
ki1000145-BIGCS Ultrasound,FEMURCM,ANTHRO
ki1126927-GUSTO,FEMURCM,ANTHRO
ki1000145-BIGCS Ultrasound,FLAZ,ANTHRO
ki1126927-GUSTO,FLAZ,ANTHRO
ki1119695-PROBIT,LEGLENCM,ANTHRO
ki1126927-GUSTO,LEGLENCM,ANTHRO
ki1126927-GUSTO,FOOTCM,ANTHRO
ki1135978-Fels,TRDPCM,ANTHRO
ki1126927-GUSTO,TRUNKCM,ANTHRO
ki1126927-GUSTO,CTORDCM,ANTHRO
ki1135978-Fels,CTORDCM,ANTHRO
kiGH5241-JiVitA-3,CTORDCM,ANTHRO
ki1126927-GUSTO,OCCFDCM,ANTHRO
ki1000145-BIGCS Ultrasound,AFONTNLE,ANTHRO
ki1000145-BIGCS Ultrasound,AFONTNLD,ANTHRO
ki1126927-GUSTO,NUCHTLMM,ANTHRO
ki1126927-GUSTO,NUCHSFMM,ANTHRO
ki1112895-Peru Zn,FFMKG,ANTHRO
ki1112895-iLiNS-Zinc,FFMKG,ANTHRO
ki1135781-COHORTS,FFMKG,ANTHRO
ki1112895-Peru Zn,FFMPCT,ANTHRO
ki1135781-COHORTS,FFMPCT,ANTHRO
ki1112895-Peru Zn,FMKG,ANTHRO
ki1112895-iLiNS-Zinc,FMKG,ANTHRO
ki1135781-COHORTS,FMKG,ANTHRO
ki1112895-Peru Zn,FMPCT,ANTHRO
ki1112895-iLiNS-Zinc,FMPCT,ANTHRO
ki1135781-COHORTS,FMPCT,ANTHRO
ki1135781-COHORTS,FMEXHDKG,ANTHRO
ki1112895-iLiNS-Zinc,TBW,ANTHRO
ki1112895-iLiNS-Zinc,TBWPC,ANTHRO
ki1135978-Fels,SCFATVOL,ANTHRO
ki1135978-Fels,VSFATVOL,ANTHRO
ki1135978-Fels,ARDIM,ANTHRO
ki1135978-Fels,LVMASS,ANTHRO
ki1120016-BAMBAM,SUBJID,BN
ki1120016-BAMBAM,BNTESTCD,BN
ki1120016-BAMBAM,AGEDAYS,BN
ki1120016-BAMBAM,GAGEDAYS,BN
ki1120016-BAMBAM,BNLOC,BN
ki1120016-BAMBAM,BNORRESU,BN
ki1120016-BAMBAM,BNSTRESC,BN
ki1120016-BAMBAM,BNSTRESN,BN
ki1120016-BAMBAM,BNSTRESU,BN
CPP,SUBJID,CE
ki1000108-CMC-V-BCS-2002,SUBJID,CE
ki1000109-EE,SUBJID,CE
ki1000109-Grip,SUBJID,CE
ki1000109-ResPak,SUBJID,CE
ki1000130-SMOCC,SUBJID,CE
ki1017093-NIH-Birth,SUBJID,CE
ki1017093-NIH-Preschool,SUBJID,CE
ki1017093-PROVIDE,SUBJID,CE
ki1112895-Bangladesh Diarrhea,SUBJID,CE
ki1112895-Burkina Faso Zn,SUBJID,CE
ki1112895-Ecuador Zn,SUBJID,CE
ki1112895-Guatemala BSC,SUBJID,CE
ki1112895-Peru Huascar,SUBJID,CE
ki1112895-Peru PersistDiarrhea,SUBJID,CE
ki1112895-Peru Zn,SUBJID,CE
ki1112895-iLiNS-Zinc,SUBJID,CE
ki1113344-GMS-Nepal,SUBJID,CE
ki1114097-CMIN,SUBJID,CE
ki1114097-CONTENT,SUBJID,CE
ki1119695-PROBIT,SUBJID,CE
ki1126311-ZVITAMBO,SUBJID,CE
ki1126927-GUSTO,SUBJID,CE
ki1135781-COHORTS,SUBJID,CE
ki1135782-INCAP,SUBJID,CE
kiGH5241-JiVitA-3,SUBJID,CE
kiGH5241-JiVitA-4,SUBJID,CE
CPP,RELTIVEN,CE
ki1000108-CMC-V-BCS-2002,RELTIVEN,CE
ki1000109-EE,RELTIVEN,CE
ki1000109-Grip,RELTIVEN,CE
ki1000109-ResPak,RELTIVEN,CE
ki1000130-SMOCC,RELTIVEN,CE
ki1017093-NIH-Birth,RELTIVEN,CE
ki1017093-NIH-Preschool,RELTIVEN,CE
ki1017093-PROVIDE,RELTIVEN,CE
ki1112895-Bangladesh Diarrhea,RELTIVEN,CE
ki1112895-Burkina Faso Zn,RELTIVEN,CE
ki1112895-Guatemala BSC,RELTIVEN,CE
ki1112895-Peru Huascar,RELTIVEN,CE
ki1112895-Peru PersistDiarrhea,RELTIVEN,CE
ki1112895-Peru Zn,RELTIVEN,CE
ki1113344-GMS-Nepal,RELTIVEN,CE
ki1114097-CMIN,RELTIVEN,CE
ki1114097-CONTENT,RELTIVEN,CE
ki1126311-ZVITAMBO,RELTIVEN,CE
ki1126927-GUSTO,RELTIVEN,CE
ki1135781-COHORTS,RELTIVEN,CE
kiGH5241-JiVitA-3,RELTIVEN,CE
kiGH5241-JiVitA-4,RELTIVEN,CE
CPP,RELTIVE,CE
ki1000108-CMC-V-BCS-2002,RELTIVE,CE
ki1000109-EE,RELTIVE,CE
ki1000109-Grip,RELTIVE,CE
ki1000109-ResPak,RELTIVE,CE
ki1000130-SMOCC,RELTIVE,CE
ki1017093-NIH-Birth,RELTIVE,CE
ki1017093-NIH-Preschool,RELTIVE,CE
ki1017093-PROVIDE,RELTIVE,CE
ki1112895-Bangladesh Diarrhea,RELTIVE,CE
ki1112895-Burkina Faso Zn,RELTIVE,CE
ki1112895-Guatemala BSC,RELTIVE,CE
ki1112895-Peru Huascar,RELTIVE,CE
ki1112895-Peru PersistDiarrhea,RELTIVE,CE
ki1112895-Peru Zn,RELTIVE,CE
ki1113344-GMS-Nepal,RELTIVE,CE
ki1114097-CMIN,RELTIVE,CE
ki1114097-CONTENT,RELTIVE,CE
ki1126311-ZVITAMBO,RELTIVE,CE
ki1126927-GUSTO,RELTIVE,CE
ki1135781-COHORTS,RELTIVE,CE
kiGH5241-JiVitA-3,RELTIVE,CE
kiGH5241-JiVitA-4,RELTIVE,CE
CPP,EPOCHN,CE
ki1000108-CMC-V-BCS-2002,EPOCHN,CE
ki1000109-EE,EPOCHN,CE
ki1000109-Grip,EPOCHN,CE
ki1000109-ResPak,EPOCHN,CE
ki1000130-SMOCC,EPOCHN,CE
ki1017093-NIH-Birth,EPOCHN,CE
ki1017093-NIH-Preschool,EPOCHN,CE
ki1112895-Bangladesh Diarrhea,EPOCHN,CE
ki1112895-Burkina Faso Zn,EPOCHN,CE
ki1112895-Guatemala BSC,EPOCHN,CE
ki1112895-Peru Huascar,EPOCHN,CE
ki1112895-Peru Zn,EPOCHN,CE
ki1113344-GMS-Nepal,EPOCHN,CE
ki1114097-CMIN,EPOCHN,CE
ki1114097-CONTENT,EPOCHN,CE
ki1126311-ZVITAMBO,EPOCHN,CE
ki1126927-GUSTO,EPOCHN,CE
ki1135781-COHORTS,EPOCHN,CE
kiGH5241-JiVitA-3,EPOCHN,CE
CPP,EPOCH,CE
ki1000108-CMC-V-BCS-2002,EPOCH,CE
ki1000109-EE,EPOCH,CE
ki1000109-Grip,EPOCH,CE
ki1000109-ResPak,EPOCH,CE
ki1000130-SMOCC,EPOCH,CE
ki1017093-NIH-Birth,EPOCH,CE
ki1017093-NIH-Preschool,EPOCH,CE
ki1112895-Bangladesh Diarrhea,EPOCH,CE
ki1112895-Burkina Faso Zn,EPOCH,CE
ki1112895-Guatemala BSC,EPOCH,CE
ki1112895-Peru Huascar,EPOCH,CE
ki1112895-Peru Zn,EPOCH,CE
ki1113344-GMS-Nepal,EPOCH,CE
ki1114097-CMIN,EPOCH,CE
ki1114097-CONTENT,EPOCH,CE
ki1126311-ZVITAMBO,EPOCH,CE
ki1126927-GUSTO,EPOCH,CE
ki1135781-COHORTS,EPOCH,CE
kiGH5241-JiVitA-3,EPOCH,CE
ki1000108-CMC-V-BCS-2002,AGEDAYS,CE
ki1000109-EE,AGEDAYS,CE
ki1000109-Grip,AGEDAYS,CE
ki1000109-ResPak,AGEDAYS,CE
ki1000130-SMOCC,AGEDAYS,CE
ki1017093-NIH-Birth,AGEDAYS,CE
ki1017093-NIH-Preschool,AGEDAYS,CE
ki1017093-PROVIDE,AGEDAYS,CE
ki1112895-Bangladesh Diarrhea,AGEDAYS,CE
ki1112895-Burkina Faso Zn,AGEDAYS,CE
ki1112895-Ecuador Zn,AGEDAYS,CE
ki1112895-Guatemala BSC,AGEDAYS,CE
ki1112895-Peru Huascar,AGEDAYS,CE
ki1112895-Peru PersistDiarrhea,AGEDAYS,CE
ki1112895-Peru Zn,AGEDAYS,CE
ki1112895-iLiNS-Zinc,AGEDAYS,CE
ki1113344-GMS-Nepal,AGEDAYS,CE
ki1114097-CMIN,AGEDAYS,CE
ki1114097-CONTENT,AGEDAYS,CE
ki1119695-PROBIT,AGEDAYS,CE
ki1126311-ZVITAMBO,AGEDAYS,CE
ki1126927-GUSTO,AGEDAYS,CE
ki1135782-INCAP,AGEDAYS,CE
kiGH5241-JiVitA-3,AGEDAYS,CE
kiGH5241-JiVitA-4,AGEDAYS,CE
ki1000109-EE,GAGEDAYS,CE
ki1112895-Peru PersistDiarrhea,AGEIMPFL,CE
ki1113344-GMS-Nepal,AGEIMPFL,CE
ki1126927-GUSTO,AGEIMPFL,CE
ki1135782-INCAP,AGEIMPFL,CE
kiGH5241-JiVitA-3,AGEIMPFL,CE
ki1113344-GMS-Nepal,VISITNUM,CE
ki1126927-GUSTO,VISITNUM,CE
ki1113344-GMS-Nepal,VISITDY,CE
ki1126927-GUSTO,VISITDY,CE
ki1000108-CMC-V-BCS-2002,AGEEND,CE
ki1112895-Burkina Faso Zn,AGEEND,CE
ki1126311-ZVITAMBO,AGEEND,CE
ki1000108-CMC-V-BCS-2002,CEDUR,CE
ki1017093-PROVIDE,CEDUR,CE
ki1112895-Peru PersistDiarrhea,CEDUR,CE
ki1126311-ZVITAMBO,CEDUR,CE
ki1126927-GUSTO,CEDUR,CE
ki1135782-INCAP,CEDUR,CE
kiGH5241-JiVitA-3,CEDUR,CE
CPP,CETERM,CE
ki1000108-CMC-V-BCS-2002,CETERM,CE
ki1000109-EE,CETERM,CE
ki1000109-Grip,CETERM,CE
ki1000109-ResPak,CETERM,CE
ki1000130-SMOCC,CETERM,CE
ki1017093-NIH-Birth,CETERM,CE
ki1017093-NIH-Preschool,CETERM,CE
ki1017093-PROVIDE,CETERM,CE
ki1112895-Bangladesh Diarrhea,CETERM,CE
ki1112895-Burkina Faso Zn,CETERM,CE
ki1112895-Ecuador Zn,CETERM,CE
ki1112895-Guatemala BSC,CETERM,CE
ki1112895-Peru Huascar,CETERM,CE
ki1112895-Peru PersistDiarrhea,CETERM,CE
ki1112895-Peru Zn,CETERM,CE
ki1112895-iLiNS-Zinc,CETERM,CE
ki1113344-GMS-Nepal,CETERM,CE
ki1114097-CMIN,CETERM,CE
ki1114097-CONTENT,CETERM,CE
ki1119695-PROBIT,CETERM,CE
ki1126311-ZVITAMBO,CETERM,CE
ki1126927-GUSTO,CETERM,CE
ki1135781-COHORTS,CETERM,CE
ki1135782-INCAP,CETERM,CE
kiGH5241-JiVitA-3,CETERM,CE
kiGH5241-JiVitA-4,CETERM,CE
CPP,CEPTCD,CE
ki1000108-CMC-V-BCS-2002,CEPTCD,CE
ki1000109-EE,CEPTCD,CE
ki1000109-Grip,CEPTCD,CE
ki1000109-ResPak,CEPTCD,CE
ki1000130-SMOCC,CEPTCD,CE
ki1017093-NIH-Birth,CEPTCD,CE
ki1017093-NIH-Preschool,CEPTCD,CE
ki1017093-PROVIDE,CEPTCD,CE
ki1112895-Bangladesh Diarrhea,CEPTCD,CE
ki1112895-Burkina Faso Zn,CEPTCD,CE
ki1112895-Ecuador Zn,CEPTCD,CE
ki1112895-Guatemala BSC,CEPTCD,CE
ki1112895-Peru Huascar,CEPTCD,CE
ki1112895-Peru PersistDiarrhea,CEPTCD,CE
ki1112895-Peru Zn,CEPTCD,CE
ki1112895-iLiNS-Zinc,CEPTCD,CE
ki1113344-GMS-Nepal,CEPTCD,CE
ki1114097-CMIN,CEPTCD,CE
ki1114097-CONTENT,CEPTCD,CE
ki1119695-PROBIT,CEPTCD,CE
ki1126311-ZVITAMBO,CEPTCD,CE
ki1126927-GUSTO,CEPTCD,CE
ki1135781-COHORTS,CEPTCD,CE
ki1135782-INCAP,CEPTCD,CE
kiGH5241-JiVitA-3,CEPTCD,CE
kiGH5241-JiVitA-4,CEPTCD,CE
ki1000109-EE,CESEVN,CE
ki1017093-PROVIDE,CESEVN,CE
ki1000109-EE,CESEV,CE
ki1017093-PROVIDE,CESEV,CE
CPP,CEASEVN,CE
CPP,CEASEV,CE
ki1126927-GUSTO,CEASEV,CE
ki1000108-CMC-V-BCS-2002,CEPRESP,CE
ki1000109-EE,CEPRESP,CE
ki1000109-Grip,CEPRESP,CE
ki1000109-ResPak,CEPRESP,CE
ki1017093-NIH-Birth,CEPRESP,CE
ki1017093-NIH-Preschool,CEPRESP,CE
ki1112895-Bangladesh Diarrhea,CEPRESP,CE
ki1112895-Burkina Faso Zn,CEPRESP,CE
ki1112895-Guatemala BSC,CEPRESP,CE
ki1112895-Peru Huascar,CEPRESP,CE
ki1112895-Peru Zn,CEPRESP,CE
ki1114097-CMIN,CEPRESP,CE
ki1114097-CONTENT,CEPRESP,CE
ki1135782-INCAP,CEPRESP,CE
kiGH5241-JiVitA-4,CEPRESP,CE
CPP,CESOCCD,CE
ki1000108-CMC-V-BCS-2002,CESOCCD,CE
ki1000109-EE,CESOCCD,CE
ki1000109-Grip,CESOCCD,CE
ki1000109-ResPak,CESOCCD,CE
ki1000130-SMOCC,CESOCCD,CE
ki1017093-NIH-Birth,CESOCCD,CE
ki1017093-NIH-Preschool,CESOCCD,CE
ki1017093-PROVIDE,CESOCCD,CE
ki1112895-Bangladesh Diarrhea,CESOCCD,CE
ki1112895-Burkina Faso Zn,CESOCCD,CE
ki1112895-Ecuador Zn,CESOCCD,CE
ki1112895-Guatemala BSC,CESOCCD,CE
ki1112895-Peru Huascar,CESOCCD,CE
ki1112895-Peru PersistDiarrhea,CESOCCD,CE
ki1112895-Peru Zn,CESOCCD,CE
ki1112895-iLiNS-Zinc,CESOCCD,CE
ki1114097-CMIN,CESOCCD,CE
ki1114097-CONTENT,CESOCCD,CE
ki1119695-PROBIT,CESOCCD,CE
ki1126311-ZVITAMBO,CESOCCD,CE
ki1135781-COHORTS,CESOCCD,CE
ki1135782-INCAP,CESOCCD,CE
kiGH5241-JiVitA-3,CESOCCD,CE
kiGH5241-JiVitA-4,CESOCCD,CE
kiGH5241-JiVitA-4,CESDTH,CE
ki1119695-PROBIT,CETPTNUM,CE
ki1135782-INCAP,CETPTNUM,CE
kiGH5241-JiVitA-3,CETPTNUM,CE
CPP,SUBJID,CM
ki1000130-SMOCC,SUBJID,CM
ki1017093-NIH-Birth,SUBJID,CM
ki1017093-PROVIDE,SUBJID,CM
ki1119695-PROBIT,SUBJID,CM
ki1126311-ZVITAMBO,SUBJID,CM
ki1126927-GUSTO,SUBJID,CM
ki1135781-COHORTS,SUBJID,CM
ki1135978-Fels,SUBJID,CM
kiGH5241-JiVitA-4,SUBJID,CM
CPP,RELTIVEN,CM
ki1000130-SMOCC,RELTIVEN,CM
ki1017093-PROVIDE,RELTIVEN,CM
ki1119695-PROBIT,RELTIVEN,CM
ki1126311-ZVITAMBO,RELTIVEN,CM
ki1126927-GUSTO,RELTIVEN,CM
ki1135781-COHORTS,RELTIVEN,CM
kiGH5241-JiVitA-4,RELTIVEN,CM
CPP,RELTIVE,CM
ki1000130-SMOCC,RELTIVE,CM
ki1017093-PROVIDE,RELTIVE,CM
ki1119695-PROBIT,RELTIVE,CM
ki1126311-ZVITAMBO,RELTIVE,CM
ki1126927-GUSTO,RELTIVE,CM
ki1135781-COHORTS,RELTIVE,CM
kiGH5241-JiVitA-4,RELTIVE,CM
CPP,EPOCHN,CM
ki1119695-PROBIT,EPOCHN,CM
ki1126311-ZVITAMBO,EPOCHN,CM
ki1126927-GUSTO,EPOCHN,CM
CPP,EPOCH,CM
ki1119695-PROBIT,EPOCH,CM
ki1126311-ZVITAMBO,EPOCH,CM
ki1126927-GUSTO,EPOCH,CM
ki1000130-SMOCC,AGEDAYS,CM
ki1017093-NIH-Birth,AGEDAYS,CM
ki1017093-PROVIDE,AGEDAYS,CM
ki1126311-ZVITAMBO,AGEDAYS,CM
ki1126927-GUSTO,AGEDAYS,CM
ki1135978-Fels,AGEDAYS,CM
kiGH5241-JiVitA-4,AGEDAYS,CM
ki1017093-PROVIDE,CMSEQ,CM
ki1126927-GUSTO,CMSEQ,CM
kiGH5241-JiVitA-4,CMSEQ,CM
CPP,CMTRT,CM
ki1000130-SMOCC,CMTRT,CM
ki1017093-NIH-Birth,CMTRT,CM
ki1017093-PROVIDE,CMTRT,CM
ki1119695-PROBIT,CMTRT,CM
ki1126311-ZVITAMBO,CMTRT,CM
ki1126927-GUSTO,CMTRT,CM
ki1135781-COHORTS,CMTRT,CM
ki1135978-Fels,CMTRT,CM
kiGH5241-JiVitA-4,CMTRT,CM
CPP,CMINDC,CM
ki1017093-PROVIDE,CMINDC,CM
ki1119695-PROBIT,CMINDC,CM
ki1126927-GUSTO,CMINDC,CM
ki1135781-COHORTS,CMINDC,CM
ki1135978-Fels,CMINDC,CM
CPP,CMROUTE,CM
ki1119695-PROBIT,CMROUTE,CM
ki1126927-GUSTO,CMROUTE,CM
ki1135781-COHORTS,CMROUTE,CM
ki1135978-Fels,CMROUTE,CM
CPP,CMDOSTXT,CM
ki1000130-SMOCC,CMDOSTXT,CM
ki1119695-PROBIT,CMDOSTXT,CM
ki1126311-ZVITAMBO,CMDOSTXT,CM
ki1135978-Fels,CMDOSTXT,CM
ki1126927-GUSTO,CMDOSFRM,CM
ki1126927-GUSTO,CMDOSFRQ,CM
ki1135781-COHORTS,CMDOSFRQ,CM
CPP,CMOUT,CM
ki1119695-PROBIT,CMTPTNUM,CM
ki1135978-Fels,CMTPTNUM,CM
ki0047075-MAL-ED,SUBJID,DAILY
ki1000108-CMC-V-BCS-2002,SUBJID,DAILY
ki1000109-EE,SUBJID,DAILY
ki1000109-Grip,SUBJID,DAILY
ki1000109-ResPak,SUBJID,DAILY
ki1000130-SMOCC,SUBJID,DAILY
ki1017093-NIH-Birth,SUBJID,DAILY
ki1017093-NIH-Preschool,SUBJID,DAILY
ki1017093-PROVIDE,SUBJID,DAILY
ki1112895-Bangladesh Diarrhea,SUBJID,DAILY
ki1112895-Burkina Faso Zn,SUBJID,DAILY
ki1112895-Ecuador Zn,SUBJID,DAILY
ki1112895-Guatemala BSC,SUBJID,DAILY
ki1112895-Peru Huascar,SUBJID,DAILY
ki1112895-Peru PersistDiarrhea,SUBJID,DAILY
ki1112895-Peru Zn,SUBJID,DAILY
ki1112895-iLiNS-Zinc,SUBJID,DAILY
ki1113344-GMS-Nepal,SUBJID,DAILY
ki1114097-CMIN,SUBJID,DAILY
ki1114097-CONTENT,SUBJID,DAILY
ki1126311-ZVITAMBO,SUBJID,DAILY
ki1126927-GUSTO,SUBJID,DAILY
kiGH5241-JiVitA-4,SUBJID,DAILY
ki0047075-MAL-ED,AGEDAYS,DAILY
ki1000108-CMC-V-BCS-2002,AGEDAYS,DAILY
ki1000109-EE,AGEDAYS,DAILY
ki1000109-Grip,AGEDAYS,DAILY
ki1000109-ResPak,AGEDAYS,DAILY
ki1000130-SMOCC,AGEDAYS,DAILY
ki1017093-NIH-Birth,AGEDAYS,DAILY
ki1017093-NIH-Preschool,AGEDAYS,DAILY
ki1017093-PROVIDE,AGEDAYS,DAILY
ki1112895-Bangladesh Diarrhea,AGEDAYS,DAILY
ki1112895-Burkina Faso Zn,AGEDAYS,DAILY
ki1112895-Ecuador Zn,AGEDAYS,DAILY
ki1112895-Guatemala BSC,AGEDAYS,DAILY
ki1112895-Peru Huascar,AGEDAYS,DAILY
ki1112895-Peru PersistDiarrhea,AGEDAYS,DAILY
ki1112895-Peru Zn,AGEDAYS,DAILY
ki1112895-iLiNS-Zinc,AGEDAYS,DAILY
ki1113344-GMS-Nepal,AGEDAYS,DAILY
ki1114097-CMIN,AGEDAYS,DAILY
ki1114097-CONTENT,AGEDAYS,DAILY
ki1126311-ZVITAMBO,AGEDAYS,DAILY
ki1126927-GUSTO,AGEDAYS,DAILY
kiGH5241-JiVitA-4,AGEDAYS,DAILY
ki0047075-MAL-ED,AGEMOS,DAILY
ki1000130-SMOCC,AGEMOS,DAILY
ki1017093-NIH-Birth,AGEMOS,DAILY
ki1017093-PROVIDE,AGEMOS,DAILY
ki1112895-Peru PersistDiarrhea,AGEMOS,DAILY
ki1113344-GMS-Nepal,AGEMOS,DAILY
ki1126927-GUSTO,AGEMOS,DAILY
kiGH5241-JiVitA-4,AGEMOS,DAILY
ki1017093-PROVIDE,AGEYRS,DAILY
ki1126927-GUSTO,AGEYRS,DAILY
kiGH5241-JiVitA-4,AGEYRS,DAILY
ki1000109-EE,GAGEDAYS,DAILY
ki1126927-GUSTO,GAGEDAYS,DAILY
ki1113344-GMS-Nepal,AGEIMPFL,DAILY
ki1126927-GUSTO,AGEIMPFL,DAILY
ki1000109-EE,BFEDFL,DAILY
ki1000130-SMOCC,BFEDFL,DAILY
ki1017093-NIH-Birth,BFEDFL,DAILY
ki1112895-Ecuador Zn,BFEDFL,DAILY
ki1112895-Guatemala BSC,BFEDFL,DAILY
ki1112895-Peru PersistDiarrhea,BFEDFL,DAILY
ki1113344-GMS-Nepal,BFEDFL,DAILY
ki1126311-ZVITAMBO,BFEDFL,DAILY
ki1126927-GUSTO,BFEDFL,DAILY
ki1000130-SMOCC,EXBFEDFL,DAILY
ki1017093-PROVIDE,EXBFEDFL,DAILY
ki1126927-GUSTO,EXBFEDFL,DAILY
ki1000109-EE,WEANFL,DAILY
ki0047075-MAL-ED,DIARFL,DAILY
ki1000108-CMC-V-BCS-2002,DIARFL,DAILY
ki1000109-EE,DIARFL,DAILY
ki1000109-Grip,DIARFL,DAILY
ki1000109-ResPak,DIARFL,DAILY
ki1017093-NIH-Birth,DIARFL,DAILY
ki1017093-NIH-Preschool,DIARFL,DAILY
ki1017093-PROVIDE,DIARFL,DAILY
ki1112895-Bangladesh Diarrhea,DIARFL,DAILY
ki1112895-Burkina Faso Zn,DIARFL,DAILY
ki1112895-Ecuador Zn,DIARFL,DAILY
ki1112895-Guatemala BSC,DIARFL,DAILY
ki1112895-Peru Huascar,DIARFL,DAILY
ki1112895-Peru PersistDiarrhea,DIARFL,DAILY
ki1112895-Peru Zn,DIARFL,DAILY
ki1112895-iLiNS-Zinc,DIARFL,DAILY
ki1113344-GMS-Nepal,DIARFL,DAILY
ki1114097-CMIN,DIARFL,DAILY
ki1114097-CONTENT,DIARFL,DAILY
ki1126311-ZVITAMBO,DIARFL,DAILY
kiGH5241-JiVitA-4,DIARFL,DAILY
ki1017093-PROVIDE,RUUSKA,DAILY
ki0047075-MAL-ED,LSSTLFL,DAILY
ki1017093-NIH-Birth,LSSTLFL,DAILY
ki1017093-NIH-Preschool,LSSTLFL,DAILY
ki1017093-PROVIDE,LSSTLFL,DAILY
ki1112895-Peru PersistDiarrhea,LSSTLFL,DAILY
ki1000109-EE,NUMLS,DAILY
ki1017093-NIH-Birth,NUMLS,DAILY
ki1017093-NIH-Preschool,NUMLS,DAILY
ki1112895-Ecuador Zn,NUMLS,DAILY
ki1112895-iLiNS-Zinc,NUMLS,DAILY
ki1114097-CONTENT,NUMLS,DAILY
ki0047075-MAL-ED,BLDSTLFL,DAILY
ki1000109-EE,BLDSTLFL,DAILY
ki1017093-NIH-Birth,BLDSTLFL,DAILY
ki1017093-NIH-Preschool,BLDSTLFL,DAILY
ki1017093-PROVIDE,BLDSTLFL,DAILY
ki1112895-Burkina Faso Zn,BLDSTLFL,DAILY
ki1112895-Ecuador Zn,BLDSTLFL,DAILY
ki1112895-Peru Zn,BLDSTLFL,DAILY
ki1112895-iLiNS-Zinc,BLDSTLFL,DAILY
kiGH5241-JiVitA-4,BLDSTLFL,DAILY
ki1000109-EE,VOMFL,DAILY
ki1017093-PROVIDE,VOMFL,DAILY
ki1112895-Ecuador Zn,VOMFL,DAILY
ki1112895-Peru PersistDiarrhea,VOMFL,DAILY
ki1112895-iLiNS-Zinc,VOMFL,DAILY
ki1000108-CMC-V-BCS-2002,SUBJID,DIARSUM
ki1000109-EE,SUBJID,DIARSUM
ki1000109-Grip,SUBJID,DIARSUM
ki1000109-ResPak,SUBJID,DIARSUM
ki1017093-NIH-Birth,SUBJID,DIARSUM
ki1017093-NIH-Preschool,SUBJID,DIARSUM
ki1017093-PROVIDE,SUBJID,DIARSUM
ki1112895-Bangladesh Diarrhea,SUBJID,DIARSUM
ki1112895-Burkina Faso Zn,SUBJID,DIARSUM
ki1112895-Ecuador Zn,SUBJID,DIARSUM
ki1112895-Guatemala BSC,SUBJID,DIARSUM
ki1112895-Peru Huascar,SUBJID,DIARSUM
ki1112895-Peru PersistDiarrhea,SUBJID,DIARSUM
ki1112895-Peru Zn,SUBJID,DIARSUM
ki1112895-iLiNS-Zinc,SUBJID,DIARSUM
ki1114097-CMIN,SUBJID,DIARSUM
ki1114097-CONTENT,SUBJID,DIARSUM
ki1126311-ZVITAMBO,SUBJID,DIARSUM
kiGH5241-JiVitA-4,SUBJID,DIARSUM
ki1000108-CMC-V-BCS-2002,SUMEP,DIARSUM
ki1000109-EE,SUMEP,DIARSUM
ki1000109-Grip,SUMEP,DIARSUM
ki1000109-ResPak,SUMEP,DIARSUM
ki1017093-NIH-Birth,SUMEP,DIARSUM
ki1017093-NIH-Preschool,SUMEP,DIARSUM
ki1017093-PROVIDE,SUMEP,DIARSUM
ki1112895-Bangladesh Diarrhea,SUMEP,DIARSUM
ki1112895-Burkina Faso Zn,SUMEP,DIARSUM
ki1112895-Ecuador Zn,SUMEP,DIARSUM
ki1112895-Guatemala BSC,SUMEP,DIARSUM
ki1112895-Peru Huascar,SUMEP,DIARSUM
ki1112895-Peru PersistDiarrhea,SUMEP,DIARSUM
ki1112895-Peru Zn,SUMEP,DIARSUM
ki1112895-iLiNS-Zinc,SUMEP,DIARSUM
ki1114097-CMIN,SUMEP,DIARSUM
ki1114097-CONTENT,SUMEP,DIARSUM
ki1126311-ZVITAMBO,SUMEP,DIARSUM
kiGH5241-JiVitA-4,SUMEP,DIARSUM
ki1000108-CMC-V-BCS-2002,SUMDIAR,DIARSUM
ki1000109-EE,SUMDIAR,DIARSUM
ki1000109-Grip,SUMDIAR,DIARSUM
ki1000109-ResPak,SUMDIAR,DIARSUM
ki1017093-NIH-Birth,SUMDIAR,DIARSUM
ki1017093-NIH-Preschool,SUMDIAR,DIARSUM
ki1017093-PROVIDE,SUMDIAR,DIARSUM
ki1112895-Bangladesh Diarrhea,SUMDIAR,DIARSUM
ki1112895-Burkina Faso Zn,SUMDIAR,DIARSUM
ki1112895-Ecuador Zn,SUMDIAR,DIARSUM
ki1112895-Guatemala BSC,SUMDIAR,DIARSUM
ki1112895-Peru Huascar,SUMDIAR,DIARSUM
ki1112895-Peru PersistDiarrhea,SUMDIAR,DIARSUM
ki1112895-Peru Zn,SUMDIAR,DIARSUM
ki1112895-iLiNS-Zinc,SUMDIAR,DIARSUM
ki1114097-CMIN,SUMDIAR,DIARSUM
ki1114097-CONTENT,SUMDIAR,DIARSUM
ki1126311-ZVITAMBO,SUMDIAR,DIARSUM
kiGH5241-JiVitA-4,SUMDIAR,DIARSUM
ki1000108-CMC-V-BCS-2002,SUMDAYS,DIARSUM
ki1000109-EE,SUMDAYS,DIARSUM
ki1000109-Grip,SUMDAYS,DIARSUM
ki1000109-ResPak,SUMDAYS,DIARSUM
ki1017093-NIH-Birth,SUMDAYS,DIARSUM
ki1017093-NIH-Preschool,SUMDAYS,DIARSUM
ki1017093-PROVIDE,SUMDAYS,DIARSUM
ki1112895-Bangladesh Diarrhea,SUMDAYS,DIARSUM
ki1112895-Burkina Faso Zn,SUMDAYS,DIARSUM
ki1112895-Ecuador Zn,SUMDAYS,DIARSUM
ki1112895-Guatemala BSC,SUMDAYS,DIARSUM
ki1112895-Peru Huascar,SUMDAYS,DIARSUM
ki1112895-Peru PersistDiarrhea,SUMDAYS,DIARSUM
ki1112895-Peru Zn,SUMDAYS,DIARSUM
ki1112895-iLiNS-Zinc,SUMDAYS,DIARSUM
ki1114097-CMIN,SUMDAYS,DIARSUM
ki1114097-CONTENT,SUMDAYS,DIARSUM
ki1126311-ZVITAMBO,SUMDAYS,DIARSUM
kiGH5241-JiVitA-4,SUMDAYS,DIARSUM
ki1000108-CMC-V-BCS-2002,PCTDIAR,DIARSUM
ki1000109-EE,PCTDIAR,DIARSUM
ki1000109-Grip,PCTDIAR,DIARSUM
ki1000109-ResPak,PCTDIAR,DIARSUM
ki1017093-NIH-Birth,PCTDIAR,DIARSUM
ki1017093-NIH-Preschool,PCTDIAR,DIARSUM
ki1017093-PROVIDE,PCTDIAR,DIARSUM
ki1112895-Bangladesh Diarrhea,PCTDIAR,DIARSUM
ki1112895-Burkina Faso Zn,PCTDIAR,DIARSUM
ki1112895-Ecuador Zn,PCTDIAR,DIARSUM
ki1112895-Guatemala BSC,PCTDIAR,DIARSUM
ki1112895-Peru Huascar,PCTDIAR,DIARSUM
ki1112895-Peru PersistDiarrhea,PCTDIAR,DIARSUM
ki1112895-Peru Zn,PCTDIAR,DIARSUM
ki1112895-iLiNS-Zinc,PCTDIAR,DIARSUM
ki1114097-CMIN,PCTDIAR,DIARSUM
ki1114097-CONTENT,PCTDIAR,DIARSUM
ki1126311-ZVITAMBO,PCTDIAR,DIARSUM
kiGH5241-JiVitA-4,PCTDIAR,DIARSUM
ki1000085-SOLUR,SUBJID,FVS
ki1000085-SOLUR,VSSEQ,FVS
ki1000085-SOLUR,VSTESTCD,FVS
ki1000085-SOLUR,VSTEST,FVS
ki1000085-SOLUR,GAGEDAYS,FVS
ki1000085-SOLUR,VSSTRESN,FVS
ki1000130-SMOCC,SUBJID,HO
kiGH5241-JiVitA-4,SUBJID,HO
ki1000130-SMOCC,RELTIVEN,HO
kiGH5241-JiVitA-4,RELTIVEN,HO
ki1000130-SMOCC,RELTIVE,HO
kiGH5241-JiVitA-4,RELTIVE,HO
ki1000130-SMOCC,AGEDAYS,HO
kiGH5241-JiVitA-4,AGEDAYS,HO
ki1000130-SMOCC,AGEIMPFL,HO
kiGH5241-JiVitA-4,HOSEQ,HO
ki1000130-SMOCC,HOTERM,HO
kiGH5241-JiVitA-4,HOTERM,HO
ki1000130-SMOCC,HODUR,HO
ki1000130-SMOCC,HOPRESP,HO
ki1000130-SMOCC,HOCMT,HO
CPP,SUBJID,LB
ki0047075-MAL-ED,SUBJID,LB
ki1000109-EE,SUBJID,LB
ki1000130-SMOCC,SUBJID,LB
ki1017093-NIH-Birth,SUBJID,LB
ki1017093-NIH-Preschool,SUBJID,LB
ki1017093-PROVIDE,SUBJID,LB
ki1112895-Ecuador Zn,SUBJID,LB
ki1112895-Peru PersistDiarrhea,SUBJID,LB
ki1112895-Peru Zn,SUBJID,LB
ki1112895-iLiNS-Zinc,SUBJID,LB
ki1120016-BAMBAM,SUBJID,LB
ki1126311-ZVITAMBO,SUBJID,LB
ki1126927-GUSTO,SUBJID,LB
ki1135781-COHORTS,SUBJID,LB
ki1135978-Fels,SUBJID,LB
kiGH5241-JiVitA-3,SUBJID,LB
CPP,RELTIVEN,LB
ki0047075-MAL-ED,RELTIVEN,LB
ki1000130-SMOCC,RELTIVEN,LB
ki1017093-PROVIDE,RELTIVEN,LB
ki1112895-Ecuador Zn,RELTIVEN,LB
ki1112895-Peru PersistDiarrhea,RELTIVEN,LB
ki1126311-ZVITAMBO,RELTIVEN,LB
ki1126927-GUSTO,RELTIVEN,LB
ki1135781-COHORTS,RELTIVEN,LB
kiGH5241-JiVitA-3,RELTIVEN,LB
CPP,RELTIVE,LB
ki0047075-MAL-ED,RELTIVE,LB
ki1000130-SMOCC,RELTIVE,LB
ki1017093-PROVIDE,RELTIVE,LB
ki1112895-Ecuador Zn,RELTIVE,LB
ki1112895-Peru PersistDiarrhea,RELTIVE,LB
ki1126311-ZVITAMBO,RELTIVE,LB
ki1126927-GUSTO,RELTIVE,LB
ki1135781-COHORTS,RELTIVE,LB
kiGH5241-JiVitA-3,RELTIVE,LB
CPP,LBTESTCD,LB
ki0047075-MAL-ED,LBTESTCD,LB
ki1000109-EE,LBTESTCD,LB
ki1000130-SMOCC,LBTESTCD,LB
ki1017093-NIH-Birth,LBTESTCD,LB
ki1017093-NIH-Preschool,LBTESTCD,LB
ki1017093-PROVIDE,LBTESTCD,LB
ki1112895-Ecuador Zn,LBTESTCD,LB
ki1112895-Peru PersistDiarrhea,LBTESTCD,LB
ki1112895-Peru Zn,LBTESTCD,LB
ki1112895-iLiNS-Zinc,LBTESTCD,LB
ki1120016-BAMBAM,LBTESTCD,LB
ki1126311-ZVITAMBO,LBTESTCD,LB
ki1126927-GUSTO,LBTESTCD,LB
ki1135781-COHORTS,LBTESTCD,LB
ki1135978-Fels,LBTESTCD,LB
kiGH5241-JiVitA-3,LBTESTCD,LB
CPP,AGEDAYS,LB
ki0047075-MAL-ED,AGEDAYS,LB
ki1000109-EE,AGEDAYS,LB
ki1000130-SMOCC,AGEDAYS,LB
ki1017093-NIH-Birth,AGEDAYS,LB
ki1017093-NIH-Preschool,AGEDAYS,LB
ki1017093-PROVIDE,AGEDAYS,LB
ki1112895-Ecuador Zn,AGEDAYS,LB
ki1112895-Peru PersistDiarrhea,AGEDAYS,LB
ki1112895-Peru Zn,AGEDAYS,LB
ki1112895-iLiNS-Zinc,AGEDAYS,LB
ki1120016-BAMBAM,AGEDAYS,LB
ki1126311-ZVITAMBO,AGEDAYS,LB
ki1126927-GUSTO,AGEDAYS,LB
ki1135781-COHORTS,AGEDAYS,LB
ki1135978-Fels,AGEDAYS,LB
kiGH5241-JiVitA-3,AGEDAYS,LB
ki1000109-EE,GAGEDAYS,LB
ki1120016-BAMBAM,GAGEDAYS,LB
ki1017093-PROVIDE,AGEIMPFL,LB
ki1112895-Ecuador Zn,AGEIMPFL,LB
ki1112895-Peru PersistDiarrhea,AGEIMPFL,LB
ki1112895-iLiNS-Zinc,AGEIMPFL,LB
ki1126311-ZVITAMBO,AGEIMPFL,LB
ki1126927-GUSTO,AGEIMPFL,LB
ki1135781-COHORTS,AGEIMPFL,LB
ki1017093-PROVIDE,VISITNUM,LB
ki1126927-GUSTO,VISITNUM,LB
ki1126927-GUSTO,VISITDY,LB
ki1126927-GUSTO,LBSEQ,LB
ki1000130-SMOCC,LBORRES,LB
ki1112895-Peru PersistDiarrhea,LBORRES,LB
ki1126927-GUSTO,LBORRES,LB
ki1135781-COHORTS,LBORRES,LB
ki1000130-SMOCC,LBORRESU,LB
ki1112895-Peru PersistDiarrhea,LBORRESU,LB
ki1120016-BAMBAM,LBORRESU,LB
ki1126927-GUSTO,LBORRESU,LB
ki1135781-COHORTS,LBORRESU,LB
CPP,LBSTRESC,LB
ki1017093-NIH-Birth,LBSTRESC,LB
ki1017093-NIH-Preschool,LBSTRESC,LB
ki1017093-PROVIDE,LBSTRESC,LB
ki1112895-Ecuador Zn,LBSTRESC,LB
ki1112895-iLiNS-Zinc,LBSTRESC,LB
ki1120016-BAMBAM,LBSTRESC,LB
ki1126927-GUSTO,LBSTRESC,LB
ki1135781-COHORTS,LBSTRESC,LB
ki1135978-Fels,LBSTRESC,LB
kiGH5241-JiVitA-3,LBSTRESC,LB
CPP,LBSTRESN,LB
ki0047075-MAL-ED,LBSTRESN,LB
ki1000109-EE,LBSTRESN,LB
ki1000130-SMOCC,LBSTRESN,LB
ki1017093-NIH-Birth,LBSTRESN,LB
ki1017093-NIH-Preschool,LBSTRESN,LB
ki1017093-PROVIDE,LBSTRESN,LB
ki1112895-Ecuador Zn,LBSTRESN,LB
ki1112895-Peru PersistDiarrhea,LBSTRESN,LB
ki1112895-Peru Zn,LBSTRESN,LB
ki1112895-iLiNS-Zinc,LBSTRESN,LB
ki1120016-BAMBAM,LBSTRESN,LB
ki1126311-ZVITAMBO,LBSTRESN,LB
ki1126927-GUSTO,LBSTRESN,LB
ki1135781-COHORTS,LBSTRESN,LB
ki1135978-Fels,LBSTRESN,LB
kiGH5241-JiVitA-3,LBSTRESN,LB
CPP,LBSTRESU,LB
ki0047075-MAL-ED,LBSTRESU,LB
ki1000109-EE,LBSTRESU,LB
ki1000130-SMOCC,LBSTRESU,LB
ki1017093-NIH-Birth,LBSTRESU,LB
ki1017093-NIH-Preschool,LBSTRESU,LB
ki1017093-PROVIDE,LBSTRESU,LB
ki1112895-Ecuador Zn,LBSTRESU,LB
ki1112895-Peru PersistDiarrhea,LBSTRESU,LB
ki1112895-Peru Zn,LBSTRESU,LB
ki1112895-iLiNS-Zinc,LBSTRESU,LB
ki1120016-BAMBAM,LBSTRESU,LB
ki1126311-ZVITAMBO,LBSTRESU,LB
ki1126927-GUSTO,LBSTRESU,LB
ki1135781-COHORTS,LBSTRESU,LB
ki1135978-Fels,LBSTRESU,LB
kiGH5241-JiVitA-3,LBSTRESU,LB
ki1126927-GUSTO,LBPCTRSN,LB
CPP,LBSPECN,LB
ki0047075-MAL-ED,LBSPECN,LB
ki1000109-EE,LBSPECN,LB
ki1000130-SMOCC,LBSPECN,LB
ki1017093-NIH-Birth,LBSPECN,LB
ki1017093-NIH-Preschool,LBSPECN,LB
ki1017093-PROVIDE,LBSPECN,LB
ki1112895-Ecuador Zn,LBSPECN,LB
ki1112895-Peru PersistDiarrhea,LBSPECN,LB
ki1112895-Peru Zn,LBSPECN,LB
ki1112895-iLiNS-Zinc,LBSPECN,LB
ki1120016-BAMBAM,LBSPECN,LB
ki1126311-ZVITAMBO,LBSPECN,LB
ki1126927-GUSTO,LBSPECN,LB
ki1135978-Fels,LBSPECN,LB
kiGH5241-JiVitA-3,LBSPECN,LB
CPP,LBSPEC,LB
ki0047075-MAL-ED,LBSPEC,LB
ki1000109-EE,LBSPEC,LB
ki1000130-SMOCC,LBSPEC,LB
ki1017093-NIH-Birth,LBSPEC,LB
ki1017093-NIH-Preschool,LBSPEC,LB
ki1017093-PROVIDE,LBSPEC,LB
ki1112895-Ecuador Zn,LBSPEC,LB
ki1112895-Peru PersistDiarrhea,LBSPEC,LB
ki1112895-Peru Zn,LBSPEC,LB
ki1112895-iLiNS-Zinc,LBSPEC,LB
ki1120016-BAMBAM,LBSPEC,LB
ki1126311-ZVITAMBO,LBSPEC,LB
ki1126927-GUSTO,LBSPEC,LB
ki1135978-Fels,LBSPEC,LB
kiGH5241-JiVitA-3,LBSPEC,LB
ki1135978-Fels,LBMETHOD,LB
ki1126927-GUSTO,LBFAST,LB
ki1135781-COHORTS,LBFAST,LB
ki1135978-Fels,LBFAST,LB
ki1112895-Ecuador Zn,LBTPTNUM,LB
ki1135781-COHORTS,LBTPTNUM,LB
ki1135978-Fels,LBTPTNUM,LB
kiGH5241-JiVitA-3,LBTPTNUM,LB
ki0047075-MAL-ED,SUBJID,MB
ki1017093-NIH-Birth,SUBJID,MB
ki1017093-NIH-Preschool,SUBJID,MB
ki1017093-PROVIDE,SUBJID,MB
ki1112895-Bangladesh Diarrhea,SUBJID,MB
ki1112895-Peru Huascar,SUBJID,MB
ki1112895-iLiNS-Zinc,SUBJID,MB
ki1126311-ZVITAMBO,SUBJID,MB
ki0047075-MAL-ED,MBTESTCD,MB
ki1017093-NIH-Birth,MBTESTCD,MB
ki1017093-NIH-Preschool,MBTESTCD,MB
ki1017093-PROVIDE,MBTESTCD,MB
ki1112895-Bangladesh Diarrhea,MBTESTCD,MB
ki1112895-Peru Huascar,MBTESTCD,MB
ki1112895-iLiNS-Zinc,MBTESTCD,MB
ki1126311-ZVITAMBO,MBTESTCD,MB
ki0047075-MAL-ED,AGEDAYS,MB
ki1017093-NIH-Birth,AGEDAYS,MB
ki1017093-NIH-Preschool,AGEDAYS,MB
ki1017093-PROVIDE,AGEDAYS,MB
ki1112895-Bangladesh Diarrhea,AGEDAYS,MB
ki1112895-Peru Huascar,AGEDAYS,MB
ki1112895-iLiNS-Zinc,AGEDAYS,MB
ki1126311-ZVITAMBO,AGEDAYS,MB
ki1112895-Bangladesh Diarrhea,AGEIMPFL,MB
ki1112895-Peru Huascar,AGEIMPFL,MB
ki1017093-PROVIDE,VISITNUM,MB
ki1112895-Bangladesh Diarrhea,MBORRES,MB
ki1112895-Peru Huascar,MBORRES,MB
ki0047075-MAL-ED,MBSTRESC,MB
ki1017093-NIH-Birth,MBSTRESC,MB
ki1017093-NIH-Preschool,MBSTRESC,MB
ki1017093-PROVIDE,MBSTRESC,MB
ki1112895-Bangladesh Diarrhea,MBSTRESC,MB
ki1112895-Peru Huascar,MBSTRESC,MB
ki1112895-iLiNS-Zinc,MBSTRESC,MB
ki1126311-ZVITAMBO,MBSTRESC,MB
ki1017093-NIH-Birth,MBSTRESN,MB
ki1017093-NIH-Preschool,MBSTRESN,MB
ki1017093-PROVIDE,MBSTRESN,MB
ki1112895-Bangladesh Diarrhea,MBSTRESN,MB
ki1112895-Peru Huascar,MBSTRESN,MB
ki1112895-iLiNS-Zinc,MBSTRESN,MB
ki1126311-ZVITAMBO,MBSTRESN,MB
ki1017093-NIH-Birth,MBSTRESU,MB
ki1017093-NIH-Preschool,MBSTRESU,MB
ki1017093-PROVIDE,MBSTRESU,MB
ki0047075-MAL-ED,MBSPECN,MB
ki1017093-NIH-Birth,MBSPECN,MB
ki1017093-NIH-Preschool,MBSPECN,MB
ki1017093-PROVIDE,MBSPECN,MB
ki1112895-Bangladesh Diarrhea,MBSPECN,MB
ki1112895-Peru Huascar,MBSPECN,MB
ki1112895-iLiNS-Zinc,MBSPECN,MB
ki0047075-MAL-ED,MBSPEC,MB
ki1017093-NIH-Birth,MBSPEC,MB
ki1017093-NIH-Preschool,MBSPEC,MB
ki1017093-PROVIDE,MBSPEC,MB
ki1112895-Bangladesh Diarrhea,MBSPEC,MB
ki1112895-Peru Huascar,MBSPEC,MB
ki1112895-iLiNS-Zinc,MBSPEC,MB
ki0047075-MAL-ED,MBMETHOD,MB
ki1017093-NIH-Birth,MBMETHOD,MB
ki1017093-NIH-Preschool,MBMETHOD,MB
ki1017093-PROVIDE,MBMETHOD,MB
ki1112895-iLiNS-Zinc,MBMETHOD,MB
ki1017093-NIH-Preschool,MBSEQ,MB
ki1112895-Bangladesh Diarrhea,MBTPTNUM,MB
ki0047075-MAL-ED,RELTIVEN,MB
ki1017093-PROVIDE,RELTIVEN,MB
ki1112895-Bangladesh Diarrhea,RELTIVEN,MB
ki1112895-Peru Huascar,RELTIVEN,MB
ki1126311-ZVITAMBO,RELTIVEN,MB
ki0047075-MAL-ED,RELTIVE,MB
ki1017093-PROVIDE,RELTIVE,MB
ki1112895-Bangladesh Diarrhea,RELTIVE,MB
ki1112895-Peru Huascar,RELTIVE,MB
ki1126311-ZVITAMBO,RELTIVE,MB
ki1112895-Bangladesh Diarrhea,SUBJID,NT
ki1112895-Ecuador Zn,SUBJID,NT
ki1112895-Guatemala BSC,SUBJID,NT
ki1112895-Peru Huascar,SUBJID,NT
ki1112895-Peru Zn,SUBJID,NT
ki1135978-Fels,SUBJID,NT
ki1112895-Bangladesh Diarrhea,AGEDAYS,NT
ki1112895-Ecuador Zn,AGEDAYS,NT
ki1112895-Guatemala BSC,AGEDAYS,NT
ki1112895-Peru Huascar,AGEDAYS,NT
ki1112895-Peru Zn,AGEDAYS,NT
ki1135978-Fels,AGEDAYS,NT
ki1135978-Fels,NTTPTNUM,NT
ki1112895-Bangladesh Diarrhea,NTTESTCD,NT
ki1112895-Ecuador Zn,NTTESTCD,NT
ki1112895-Guatemala BSC,NTTESTCD,NT
ki1112895-Peru Huascar,NTTESTCD,NT
ki1112895-Peru Zn,NTTESTCD,NT
ki1135978-Fels,NTTESTCD,NT
ki1112895-Bangladesh Diarrhea,NTSPEC,NT
ki1112895-Ecuador Zn,NTSPEC,NT
ki1112895-Guatemala BSC,NTSPEC,NT
ki1112895-Peru Huascar,NTSPEC,NT
ki1112895-Peru Zn,NTSPEC,NT
ki1135978-Fels,NTSPEC,NT
ki1112895-Bangladesh Diarrhea,NTORRES,NT
ki1112895-Bangladesh Diarrhea,NTORRESU,NT
ki1112895-Bangladesh Diarrhea,NTSTRESN,NT
ki1112895-Ecuador Zn,NTSTRESN,NT
ki1112895-Guatemala BSC,NTSTRESN,NT
ki1112895-Peru Huascar,NTSTRESN,NT
ki1112895-Peru Zn,NTSTRESN,NT
ki1135978-Fels,NTSTRESN,NT
ki1112895-Bangladesh Diarrhea,NTSTRESU,NT
ki1112895-Ecuador Zn,NTSTRESU,NT
ki1112895-Guatemala BSC,NTSTRESU,NT
ki1112895-Peru Huascar,NTSTRESU,NT
ki1112895-Peru Zn,NTSTRESU,NT
ki1135978-Fels,NTSTRESU,NT
ki1112895-Bangladesh Diarrhea,NTMETHOD,NT
CPP,SUBJID,PARENTS
ki0047075-MAL-ED,SUBJID,PARENTS
ki1000085-SOLUR,SUBJID,PARENTS
ki1000109-EE,SUBJID,PARENTS
ki1000130-POPS,SUBJID,PARENTS
ki1000130-SMOCC,SUBJID,PARENTS
ki1000145-BIGCS Ultrasound,SUBJID,PARENTS
ki1017093-NIH-Birth,SUBJID,PARENTS
ki1017093-NIH-Preschool,SUBJID,PARENTS
ki1017093-PROVIDE,SUBJID,PARENTS
ki1101329-Keneba,SUBJID,PARENTS
ki1112895-Burkina Faso Zn,SUBJID,PARENTS
ki1112895-Ecuador Zn,SUBJID,PARENTS
ki1112895-Guatemala BSC,SUBJID,PARENTS
ki1112895-Peru Huascar,SUBJID,PARENTS
ki1112895-Peru PersistDiarrhea,SUBJID,PARENTS
ki1112895-Peru Zn,SUBJID,PARENTS
ki1112895-iLiNS-Zinc,SUBJID,PARENTS
ki1113344-GMS-Nepal,SUBJID,PARENTS
ki1114097-CONTENT,SUBJID,PARENTS
ki1119695-PROBIT,SUBJID,PARENTS
ki1120016-BAMBAM,SUBJID,PARENTS
ki1126311-ZVITAMBO,SUBJID,PARENTS
ki1126927-GUSTO,SUBJID,PARENTS
ki1135781-COHORTS,SUBJID,PARENTS
ki1135782-INCAP,SUBJID,PARENTS
ki1135978-Fels,SUBJID,PARENTS
kiGH5241-JiVitA-3,SUBJID,PARENTS
CPP,MAGE,PARENTS
ki0047075-MAL-ED,MAGE,PARENTS
ki1000085-SOLUR,MAGE,PARENTS
ki1000109-EE,MAGE,PARENTS
ki1000130-POPS,MAGE,PARENTS
ki1000130-SMOCC,MAGE,PARENTS
ki1017093-NIH-Birth,MAGE,PARENTS
ki1017093-NIH-Preschool,MAGE,PARENTS
ki1017093-PROVIDE,MAGE,PARENTS
ki1101329-Keneba,MAGE,PARENTS
ki1112895-Burkina Faso Zn,MAGE,PARENTS
ki1112895-Guatemala BSC,MAGE,PARENTS
ki1112895-Peru Huascar,MAGE,PARENTS
ki1112895-Peru Zn,MAGE,PARENTS
ki1112895-iLiNS-Zinc,MAGE,PARENTS
ki1113344-GMS-Nepal,MAGE,PARENTS
ki1119695-PROBIT,MAGE,PARENTS
ki1126311-ZVITAMBO,MAGE,PARENTS
ki1126927-GUSTO,MAGE,PARENTS
ki1135781-COHORTS,MAGE,PARENTS
ki1135978-Fels,MAGE,PARENTS
kiGH5241-JiVitA-3,MAGE,PARENTS
CPP,MRACEN,PARENTS
CPP,MRACE,PARENTS
ki1113344-GMS-Nepal,METHNIC,PARENTS
ki1126927-GUSTO,METHNIC,PARENTS
ki1135978-Fels,METHNIC,PARENTS
CPP,MHTCM,PARENTS
ki0047075-MAL-ED,MHTCM,PARENTS
ki1000085-SOLUR,MHTCM,PARENTS
ki1000130-SMOCC,MHTCM,PARENTS
ki1000145-BIGCS Ultrasound,MHTCM,PARENTS
ki1017093-NIH-Birth,MHTCM,PARENTS
ki1017093-PROVIDE,MHTCM,PARENTS
ki1101329-Keneba,MHTCM,PARENTS
ki1112895-Burkina Faso Zn,MHTCM,PARENTS
ki1112895-Ecuador Zn,MHTCM,PARENTS
ki1112895-Guatemala BSC,MHTCM,PARENTS
ki1112895-Peru Zn,MHTCM,PARENTS
ki1112895-iLiNS-Zinc,MHTCM,PARENTS
ki1119695-PROBIT,MHTCM,PARENTS
ki1126311-ZVITAMBO,MHTCM,PARENTS
ki1135781-COHORTS,MHTCM,PARENTS
ki1135782-INCAP,MHTCM,PARENTS
ki1135978-Fels,MHTCM,PARENTS
kiGH5241-JiVitA-3,MHTCM,PARENTS
ki0047075-MAL-ED,MWTKG,PARENTS
ki1000085-SOLUR,MWTKG,PARENTS
ki1017093-NIH-Birth,MWTKG,PARENTS
ki1017093-PROVIDE,MWTKG,PARENTS
ki1112895-Ecuador Zn,MWTKG,PARENTS
ki1112895-Peru Zn,MWTKG,PARENTS
ki1119695-PROBIT,MWTKG,PARENTS
kiGH5241-JiVitA-3,MWTKG,PARENTS
ki1126927-GUSTO,MBRTHWT,PARENTS
ki0047075-MAL-ED,MBMI,PARENTS
ki1000085-SOLUR,MBMI,PARENTS
ki1017093-NIH-Birth,MBMI,PARENTS
ki1112895-Burkina Faso Zn,MBMI,PARENTS
ki1112895-Ecuador Zn,MBMI,PARENTS
ki1112895-Peru Zn,MBMI,PARENTS
ki1112895-iLiNS-Zinc,MBMI,PARENTS
ki1119695-PROBIT,MBMI,PARENTS
kiGH5241-JiVitA-3,MBMI,PARENTS
ki1112895-Burkina Faso Zn,MPREG,PARENTS
ki1135781-COHORTS,MPREG,PARENTS
ki1000130-SMOCC,MAGEDTH,PARENTS
ki1126927-GUSTO,MSMKSTAT,PARENTS
ki1135978-Fels,MSMKSTAT,PARENTS
ki1135978-Fels,MSMKYRS,PARENTS
CPP,MMARITN,PARENTS
ki0047075-MAL-ED,MMARITN,PARENTS
ki1000085-SOLUR,MMARITN,PARENTS
ki1112895-Guatemala BSC,MMARITN,PARENTS
ki1112895-Peru Zn,MMARITN,PARENTS
ki1119695-PROBIT,MMARITN,PARENTS
ki1120016-BAMBAM,MMARITN,PARENTS
ki1126311-ZVITAMBO,MMARITN,PARENTS
ki1126927-GUSTO,MMARITN,PARENTS
ki1135781-COHORTS,MMARITN,PARENTS
CPP,MMARIT,PARENTS
ki0047075-MAL-ED,MMARIT,PARENTS
ki1000085-SOLUR,MMARIT,PARENTS
ki1112895-Guatemala BSC,MMARIT,PARENTS
ki1112895-Peru Zn,MMARIT,PARENTS
ki1119695-PROBIT,MMARIT,PARENTS
ki1120016-BAMBAM,MMARIT,PARENTS
ki1126311-ZVITAMBO,MMARIT,PARENTS
ki1126927-GUSTO,MMARIT,PARENTS
ki1135781-COHORTS,MMARIT,PARENTS
CPP,MEDUCYRS,PARENTS
ki0047075-MAL-ED,MEDUCYRS,PARENTS
ki1000085-SOLUR,MEDUCYRS,PARENTS
ki1000130-SMOCC,MEDUCYRS,PARENTS
ki1000145-BIGCS Ultrasound,MEDUCYRS,PARENTS
ki1017093-NIH-Birth,MEDUCYRS,PARENTS
ki1017093-NIH-Preschool,MEDUCYRS,PARENTS
ki1017093-PROVIDE,MEDUCYRS,PARENTS
ki1112895-Burkina Faso Zn,MEDUCYRS,PARENTS
ki1112895-Ecuador Zn,MEDUCYRS,PARENTS
ki1112895-Guatemala BSC,MEDUCYRS,PARENTS
ki1112895-Peru Huascar,MEDUCYRS,PARENTS
ki1112895-Peru PersistDiarrhea,MEDUCYRS,PARENTS
ki1112895-Peru Zn,MEDUCYRS,PARENTS
ki1113344-GMS-Nepal,MEDUCYRS,PARENTS
ki1119695-PROBIT,MEDUCYRS,PARENTS
ki1126311-ZVITAMBO,MEDUCYRS,PARENTS
ki1126927-GUSTO,MEDUCYRS,PARENTS
ki1135781-COHORTS,MEDUCYRS,PARENTS
ki1135782-INCAP,MEDUCYRS,PARENTS
kiGH5241-JiVitA-3,MEDUCYRS,PARENTS
CPP,MWORK,PARENTS
ki1000085-SOLUR,MWORK,PARENTS
ki1017093-PROVIDE,MWORK,PARENTS
ki1112895-Burkina Faso Zn,MWORK,PARENTS
ki1112895-Ecuador Zn,MWORK,PARENTS
ki1112895-Guatemala BSC,MWORK,PARENTS
ki1112895-Peru Huascar,MWORK,PARENTS
ki1112895-Peru Zn,MWORK,PARENTS
ki1119695-PROBIT,MWORK,PARENTS
ki1126311-ZVITAMBO,MWORK,PARENTS
ki1126927-GUSTO,MWORK,PARENTS
kiGH5241-JiVitA-3,MWORK,PARENTS
ki1112895-Peru Huascar,MWORKTM,PARENTS
kiGH5241-JiVitA-3,MWORKTM,PARENTS
ki1000085-SOLUR,MHGB,PARENTS
ki1112895-Guatemala BSC,MHGB,PARENTS
kiGH5241-JiVitA-3,MHGB,PARENTS
ki1126927-GUSTO,MGFETHNC,PARENTS
ki1126927-GUSTO,MGMETHNC,PARENTS
ki1126927-GUSTO,FETHNIC,PARENTS
ki1135978-Fels,FETHNIC,PARENTS
CPP,FAGE,PARENTS
ki1000085-SOLUR,FAGE,PARENTS
ki1000130-SMOCC,FAGE,PARENTS
ki1017093-NIH-Preschool,FAGE,PARENTS
ki1112895-Peru Huascar,FAGE,PARENTS
ki1112895-Peru Zn,FAGE,PARENTS
ki1119695-PROBIT,FAGE,PARENTS
ki1126927-GUSTO,FAGE,PARENTS
ki1135781-COHORTS,FAGE,PARENTS
ki1135978-Fels,FAGE,PARENTS
ki1000130-SMOCC,FHTCM,PARENTS
ki1101329-Keneba,FHTCM,PARENTS
ki1112895-Ecuador Zn,FHTCM,PARENTS
ki1119695-PROBIT,FHTCM,PARENTS
ki1126927-GUSTO,FHTCM,PARENTS
ki1135781-COHORTS,FHTCM,PARENTS
ki1135978-Fels,FHTCM,PARENTS
ki1112895-Ecuador Zn,FWTKG,PARENTS
ki1119695-PROBIT,FWTKG,PARENTS
ki1126927-GUSTO,FWTKG,PARENTS
ki1000130-SMOCC,FAGEDTH,PARENTS
ki1135978-Fels,FSMKSTAT,PARENTS
kiGH5241-JiVitA-3,FSMKSTAT,PARENTS
ki1135978-Fels,FSMKYRS,PARENTS
CPP,FEDUCYRS,PARENTS
ki0047075-MAL-ED,FEDUCYRS,PARENTS
ki1000085-SOLUR,FEDUCYRS,PARENTS
ki1000130-SMOCC,FEDUCYRS,PARENTS
ki1017093-NIH-Preschool,FEDUCYRS,PARENTS
ki1017093-PROVIDE,FEDUCYRS,PARENTS
ki1112895-Ecuador Zn,FEDUCYRS,PARENTS
ki1112895-Peru Huascar,FEDUCYRS,PARENTS
ki1112895-Peru PersistDiarrhea,FEDUCYRS,PARENTS
ki1112895-Peru Zn,FEDUCYRS,PARENTS
ki1113344-GMS-Nepal,FEDUCYRS,PARENTS
ki1119695-PROBIT,FEDUCYRS,PARENTS
ki1126311-ZVITAMBO,FEDUCYRS,PARENTS
ki1135781-COHORTS,FEDUCYRS,PARENTS
kiGH5241-JiVitA-3,FEDUCYRS,PARENTS
CPP,FWORK,PARENTS
ki1000085-SOLUR,FWORK,PARENTS
ki1017093-PROVIDE,FWORK,PARENTS
ki1112895-Ecuador Zn,FWORK,PARENTS
ki1112895-Peru Huascar,FWORK,PARENTS
ki1112895-Peru Zn,FWORK,PARENTS
ki1119695-PROBIT,FWORK,PARENTS
ki1126311-ZVITAMBO,FWORK,PARENTS
ki1126927-GUSTO,FWORK,PARENTS
kiGH5241-JiVitA-3,FWORK,PARENTS
ki1112895-Peru Huascar,FWORKTM,PARENTS
kiGH5241-JiVitA-3,FWORKTM,PARENTS
ki1112895-Peru PersistDiarrhea,FHOUSEH,PARENTS
ki1112895-Burkina Faso Zn,SESN,PARENTS
ki1114097-CONTENT,SESN,PARENTS
ki1135781-COHORTS,SESN,PARENTS
ki1112895-Burkina Faso Zn,SES,PARENTS
ki1114097-CONTENT,SES,PARENTS
ki1135781-COHORTS,SES,PARENTS
CPP,SUBJID,PR
CPP,RELTIVEN,PR
CPP,RELTIVE,PR
CPP,EPOCHN,PR
CPP,EPOCH,PR
CPP,PRTRT,PR
CPP,PRLOC,PR
CPP,SUBJID,PREGHX
ki0047075-MAL-ED,SUBJID,PREGHX
ki1000085-SOLUR,SUBJID,PREGHX
ki1000109-EE,SUBJID,PREGHX
ki1000130-POPS,SUBJID,PREGHX
ki1000130-SMOCC,SUBJID,PREGHX
ki1000145-BIGCS Ultrasound,SUBJID,PREGHX
ki1017093-PROVIDE,SUBJID,PREGHX
ki1101329-Keneba,SUBJID,PREGHX
ki1112895-Burkina Faso Zn,SUBJID,PREGHX
ki1113344-GMS-Nepal,SUBJID,PREGHX
ki1119695-PROBIT,SUBJID,PREGHX
ki1120016-BAMBAM,SUBJID,PREGHX
ki1126311-ZVITAMBO,SUBJID,PREGHX
ki1126927-GUSTO,SUBJID,PREGHX
ki1135781-COHORTS,SUBJID,PREGHX
ki1135978-Fels,SUBJID,PREGHX
kiGH5241-JiVitA-3,SUBJID,PREGHX
kiGH5241-JiVitA-4,SUBJID,PREGHX
ki1119695-PROBIT,GAGEHX,PREGHX
kiGH5241-JiVitA-3,GAGEHX,PREGHX
kiGH5241-JiVitA-3,ABT,PREGHX
kiGH5241-JiVitA-3,MSCR,PREGHX
ki1000085-SOLUR,STLBRTH,PREGHX
kiGH5241-JiVitA-3,STLBRTH,PREGHX
kiGH5241-JiVitA-3,LVBRTH,PREGHX
ki1126311-ZVITAMBO,BLDLSS,PREGHX
ki1126927-GUSTO,BLDLSS,PREGHX
ki1126311-ZVITAMBO,BLDTFA,PREGHX
ki0047075-MAL-ED,SMOKED,PREGHX
ki1000130-POPS,SMOKED,PREGHX
ki1000130-SMOCC,SMOKED,PREGHX
ki1113344-GMS-Nepal,SMOKED,PREGHX
ki1119695-PROBIT,SMOKED,PREGHX
ki1126927-GUSTO,SMOKED,PREGHX
ki1135781-COHORTS,SMOKED,PREGHX
ki0047075-MAL-ED,SMOKAMT,PREGHX
ki1000130-SMOCC,SMOKAMT,PREGHX
ki1113344-GMS-Nepal,SMOKAMT,PREGHX
ki1119695-PROBIT,SMOKAMT,PREGHX
ki1000145-BIGCS Ultrasound,SMOK2EXP,PREGHX
ki1113344-GMS-Nepal,SMOK2EXP,PREGHX
ki1126927-GUSTO,SMOK2EXP,PREGHX
ki0047075-MAL-ED,ETOH,PREGHX
ki1000130-SMOCC,ETOH,PREGHX
ki1119695-PROBIT,ETOH,PREGHX
ki1126927-GUSTO,ETOH,PREGHX
ki0047075-MAL-ED,ETOHAMT,PREGHX
ki1000130-SMOCC,ETOHAMT,PREGHX
ki1119695-PROBIT,ETOHAMT,PREGHX
ki1126927-GUSTO,ETOHBEER,PREGHX
ki1126927-GUSTO,ETOHWINE,PREGHX
ki1126927-GUSTO,ETOHHARD,PREGHX
ki1126927-GUSTO,DIET,PREGHX
ki1113344-GMS-Nepal,MVIT,PREGHX
ki1126927-GUSTO,MVIT,PREGHX
ki0047075-MAL-ED,MAGE1ST,PREGHX
ki1017093-PROVIDE,MAGE1ST,PREGHX
ki1113344-GMS-Nepal,MAGE1ST,PREGHX
ki1135781-COHORTS,MAGE1ST,PREGHX
kiGH5241-JiVitA-3,MAGE1ST,PREGHX
CPP,PARITY,PREGHX
ki1000085-SOLUR,PARITY,PREGHX
ki1000130-POPS,PARITY,PREGHX
ki1000145-BIGCS Ultrasound,PARITY,PREGHX
ki1017093-PROVIDE,PARITY,PREGHX
ki1101329-Keneba,PARITY,PREGHX
ki1112895-Burkina Faso Zn,PARITY,PREGHX
ki1113344-GMS-Nepal,PARITY,PREGHX
ki1120016-BAMBAM,PARITY,PREGHX
ki1126311-ZVITAMBO,PARITY,PREGHX
ki1126927-GUSTO,PARITY,PREGHX
ki1135781-COHORTS,PARITY,PREGHX
kiGH5241-JiVitA-3,PARITY,PREGHX
CPP,GRAVIDA,PREGHX
ki0047075-MAL-ED,GRAVIDA,PREGHX
ki1000085-SOLUR,GRAVIDA,PREGHX
ki1000130-SMOCC,GRAVIDA,PREGHX
ki1000145-BIGCS Ultrasound,GRAVIDA,PREGHX
ki1126927-GUSTO,GRAVIDA,PREGHX
CPP,NABT,PREGHX
ki1000085-SOLUR,NABT,PREGHX
ki1119695-PROBIT,NABT,PREGHX
ki1126927-GUSTO,NABT,PREGHX
ki1119695-PROBIT,NMSCR,PREGHX
ki1126927-GUSTO,NMSCR,PREGHX
CPP,NSTLBRTH,PREGHX
ki1000130-SMOCC,NSTLBRTH,PREGHX
ki1017093-PROVIDE,NSTLBRTH,PREGHX
ki1126927-GUSTO,NSTLBRTH,PREGHX
kiGH5241-JiVitA-4,NSTLBRTH,PREGHX
ki1017093-PROVIDE,NLIVBRTH,PREGHX
ki1126927-GUSTO,NLIVBRTH,PREGHX
kiGH5241-JiVitA-4,NLIVBRTH,PREGHX
ki0047075-MAL-ED,NLCHILD,PREGHX
ki1000085-SOLUR,NLCHILD,PREGHX
ki1000130-SMOCC,NLCHILD,PREGHX
ki1017093-PROVIDE,NLCHILD,PREGHX
ki1113344-GMS-Nepal,NLCHILD,PREGHX
ki1119695-PROBIT,NLCHILD,PREGHX
ki1126311-ZVITAMBO,NLCHILD,PREGHX
ki1135781-COHORTS,NLCHILD,PREGHX
ki1000085-SOLUR,NDCHILD,PREGHX
ki1000130-SMOCC,NDCHILD,PREGHX
ki1112895-Burkina Faso Zn,NDCHILD,PREGHX
ki1000085-SOLUR,NFCHILD,PREGHX
ki1000130-SMOCC,NFCHILD,PREGHX
ki1113344-GMS-Nepal,NFCHILD,PREGHX
ki1135781-COHORTS,NFCHILD,PREGHX
ki1000085-SOLUR,NMCHILD,PREGHX
ki1000130-SMOCC,NMCHILD,PREGHX
ki1113344-GMS-Nepal,NMCHILD,PREGHX
ki1135781-COHORTS,NMCHILD,PREGHX
ki1126311-ZVITAMBO,DSPPREG,PREGHX
ki1126311-ZVITAMBO,DURLBR,PREGHX
kiGH5241-JiVitA-4,DURLBR,PREGHX
ki1000085-SOLUR,PLNDPREG,PREGHX
CPP,TTPREGN,PREGHX
CPP,NUMHCVIS,PREGHX
ki1000109-EE,NUMHCVIS,PREGHX
ki1000109-EE,DLVLOCN,PREGHX
ki1000130-SMOCC,DLVLOCN,PREGHX
ki1017093-PROVIDE,DLVLOCN,PREGHX
ki1113344-GMS-Nepal,DLVLOCN,PREGHX
ki1135781-COHORTS,DLVLOCN,PREGHX
kiGH5241-JiVitA-3,DLVLOCN,PREGHX
kiGH5241-JiVitA-4,DLVLOCN,PREGHX
ki1000109-EE,DLVLOC,PREGHX
ki1000130-SMOCC,DLVLOC,PREGHX
ki1017093-PROVIDE,DLVLOC,PREGHX
ki1113344-GMS-Nepal,DLVLOC,PREGHX
ki1135781-COHORTS,DLVLOC,PREGHX
kiGH5241-JiVitA-3,DLVLOC,PREGHX
kiGH5241-JiVitA-4,DLVLOC,PREGHX
ki1000109-EE,DLVPSNN,PREGHX
ki1000130-SMOCC,DLVPSNN,PREGHX
ki1113344-GMS-Nepal,DLVPSNN,PREGHX
kiGH5241-JiVitA-3,DLVPSNN,PREGHX
kiGH5241-JiVitA-4,DLVPSNN,PREGHX
ki1000109-EE,DLVPSN,PREGHX
ki1000130-SMOCC,DLVPSN,PREGHX
ki1113344-GMS-Nepal,DLVPSN,PREGHX
kiGH5241-JiVitA-3,DLVPSN,PREGHX
kiGH5241-JiVitA-4,DLVPSN,PREGHX
CPP,MCIGNUM,PREGHX
ki1000130-SMOCC,MCIGNUM,PREGHX
ki1126927-GUSTO,GDM,PREGHX
ki1135781-COHORTS,GDM,PREGHX
ki1135978-Fels,GDM,PREGHX
ki1126927-GUSTO,DM,PREGHX
ki1113344-GMS-Nepal,GHTN,PREGHX
ki1126927-GUSTO,GHTN,PREGHX
ki1135781-COHORTS,GHTN,PREGHX
ki1135978-Fels,GHTN,PREGHX
ki1126927-GUSTO,HTN,PREGHX
ki1126927-GUSTO,PREECLMP,PREGHX
ki1126927-GUSTO,ECLMP,PREGHX
ki1000085-SOLUR,MDD,PREGHX
ki1000085-SOLUR,SUBSTABU,PREGHX
ki1000130-SMOCC,SUBSTABU,PREGHX
ki1000085-SOLUR,GAD,PREGHX
ki0047075-MAL-ED,INFDTH,PREGHX
ki1113344-GMS-Nepal,LVBRTHHX,PREGHX
ki1000085-SOLUR,COMPRISK,PREGHX
ki1000109-EE,COMPRISK,PREGHX
ki1113344-GMS-Nepal,COMPRISK,PREGHX
ki1119695-PROBIT,COMPRISK,PREGHX
CPP,SUBJID,QS
ki0047075-MAL-ED,SUBJID,QS
ki1000085-SOLUR,SUBJID,QS
ki1000130-POPS,SUBJID,QS
ki1000130-SMOCC,SUBJID,QS
ki1017093-NIH-Birth,SUBJID,QS
ki1017093-NIH-Preschool,SUBJID,QS
ki1017093-PROVIDE,SUBJID,QS
ki1113344-GMS-Nepal,SUBJID,QS
ki1119695-PROBIT,SUBJID,QS
ki1120016-BAMBAM,SUBJID,QS
ki1126927-GUSTO,SUBJID,QS
ki1135781-COHORTS,SUBJID,QS
ki1135782-INCAP,SUBJID,QS
ki1135978-Fels,SUBJID,QS
kiGH5241-JiVitA-3,SUBJID,QS
kiGH5241-JiVitA-4,SUBJID,QS
CPP,RELTIVEN,QS
ki0047075-MAL-ED,RELTIVEN,QS
ki1000085-SOLUR,RELTIVEN,QS
ki1000130-SMOCC,RELTIVEN,QS
ki1017093-PROVIDE,RELTIVEN,QS
ki1113344-GMS-Nepal,RELTIVEN,QS
ki1126927-GUSTO,RELTIVEN,QS
ki1135781-COHORTS,RELTIVEN,QS
kiGH5241-JiVitA-3,RELTIVEN,QS
kiGH5241-JiVitA-4,RELTIVEN,QS
CPP,RELTIVE,QS
ki0047075-MAL-ED,RELTIVE,QS
ki1000085-SOLUR,RELTIVE,QS
ki1000130-SMOCC,RELTIVE,QS
ki1017093-PROVIDE,RELTIVE,QS
ki1113344-GMS-Nepal,RELTIVE,QS
ki1126927-GUSTO,RELTIVE,QS
ki1135781-COHORTS,RELTIVE,QS
kiGH5241-JiVitA-3,RELTIVE,QS
kiGH5241-JiVitA-4,RELTIVE,QS
CPP,QSTESTCD,QS
ki0047075-MAL-ED,QSTESTCD,QS
ki1000085-SOLUR,QSTESTCD,QS
ki1000130-POPS,QSTESTCD,QS
ki1000130-SMOCC,QSTESTCD,QS
ki1017093-NIH-Birth,QSTESTCD,QS
ki1017093-NIH-Preschool,QSTESTCD,QS
ki1017093-PROVIDE,QSTESTCD,QS
ki1113344-GMS-Nepal,QSTESTCD,QS
ki1119695-PROBIT,QSTESTCD,QS
ki1120016-BAMBAM,QSTESTCD,QS
ki1126927-GUSTO,QSTESTCD,QS
ki1135781-COHORTS,QSTESTCD,QS
ki1135782-INCAP,QSTESTCD,QS
ki1135978-Fels,QSTESTCD,QS
kiGH5241-JiVitA-3,QSTESTCD,QS
kiGH5241-JiVitA-4,QSTESTCD,QS
CPP,AGEDAYS,QS
ki0047075-MAL-ED,AGEDAYS,QS
ki1000085-SOLUR,AGEDAYS,QS
ki1000130-POPS,AGEDAYS,QS
ki1000130-SMOCC,AGEDAYS,QS
ki1017093-NIH-Birth,AGEDAYS,QS
ki1017093-NIH-Preschool,AGEDAYS,QS
ki1017093-PROVIDE,AGEDAYS,QS
ki1119695-PROBIT,AGEDAYS,QS
ki1120016-BAMBAM,AGEDAYS,QS
ki1126927-GUSTO,AGEDAYS,QS
ki1135781-COHORTS,AGEDAYS,QS
ki1135782-INCAP,AGEDAYS,QS
ki1135978-Fels,AGEDAYS,QS
kiGH5241-JiVitA-3,AGEDAYS,QS
kiGH5241-JiVitA-4,AGEDAYS,QS
ki1120016-BAMBAM,GAGEDAYS,QS
ki1126927-GUSTO,AGEIMPFL,QS
ki1135781-COHORTS,AGEIMPFL,QS
ki1135782-INCAP,AGEIMPFL,QS
kiGH5241-JiVitA-4,AGEIMPFL,QS
ki1017093-PROVIDE,VISITNUM,QS
ki1126927-GUSTO,VISITNUM,QS
ki1126927-GUSTO,VISITDY,QS
CPP,QSTPTNUM,QS
ki1000130-POPS,QSTPTNUM,QS
ki1113344-GMS-Nepal,QSTPTNUM,QS
ki1135781-COHORTS,QSTPTNUM,QS
ki1135782-INCAP,QSTPTNUM,QS
kiGH5241-JiVitA-3,QSTPTNUM,QS
kiGH5241-JiVitA-4,QSTPTNUM,QS
ki1135781-COHORTS,QSORRES,QS
kiGH5241-JiVitA-3,QSORRES,QS
kiGH5241-JiVitA-4,QSORRES,QS
ki1135781-COHORTS,QSORRESU,QS
CPP,QSSTRESC,QS
ki1000085-SOLUR,QSSTRESC,QS
ki1000130-POPS,QSSTRESC,QS
ki1000130-SMOCC,QSSTRESC,QS
ki1017093-PROVIDE,QSSTRESC,QS
ki1113344-GMS-Nepal,QSSTRESC,QS
ki1119695-PROBIT,QSSTRESC,QS
ki1120016-BAMBAM,QSSTRESC,QS
ki1126927-GUSTO,QSSTRESC,QS
ki1135781-COHORTS,QSSTRESC,QS
ki1135782-INCAP,QSSTRESC,QS
kiGH5241-JiVitA-3,QSSTRESC,QS
kiGH5241-JiVitA-4,QSSTRESC,QS
CPP,QSSTRESN,QS
ki0047075-MAL-ED,QSSTRESN,QS
ki1000085-SOLUR,QSSTRESN,QS
ki1000130-POPS,QSSTRESN,QS
ki1000130-SMOCC,QSSTRESN,QS
ki1017093-NIH-Birth,QSSTRESN,QS
ki1017093-NIH-Preschool,QSSTRESN,QS
ki1017093-PROVIDE,QSSTRESN,QS
ki1113344-GMS-Nepal,QSSTRESN,QS
ki1119695-PROBIT,QSSTRESN,QS
ki1120016-BAMBAM,QSSTRESN,QS
ki1126927-GUSTO,QSSTRESN,QS
ki1135781-COHORTS,QSSTRESN,QS
ki1135782-INCAP,QSSTRESN,QS
ki1135978-Fels,QSSTRESN,QS
kiGH5241-JiVitA-3,QSSTRESN,QS
kiGH5241-JiVitA-4,QSSTRESN,QS
ki1017093-NIH-Preschool,QSSTRESU,QS
ki1113344-GMS-Nepal,QSSTRESU,QS
ki1135781-COHORTS,QSSTRESU,QS
ki1135978-Fels,QSDRVFL,QS
ki1126927-GUSTO,QSEVAL,QS
ki1119695-PROBIT,SUBJID,RANTHRO
ki1126311-ZVITAMBO,SUBJID,RANTHRO
ki1126927-GUSTO,SUBJID,RANTHRO
kiGH5241-JiVitA-3,SUBJID,RANTHRO
kiGH5241-JiVitA-4,SUBJID,RANTHRO
ki1119695-PROBIT,AGEDAYS,RANTHRO
ki1126311-ZVITAMBO,AGEDAYS,RANTHRO
ki1126927-GUSTO,AGEDAYS,RANTHRO
kiGH5241-JiVitA-3,AGEDAYS,RANTHRO
kiGH5241-JiVitA-4,AGEDAYS,RANTHRO
ki1126927-GUSTO,AGEIMPFL,RANTHRO
ki1126927-GUSTO,VISITNUM,RANTHRO
ki1126927-GUSTO,VISITDY,RANTHRO
ki1119695-PROBIT,RELTIVEN,RANTHRO
ki1126311-ZVITAMBO,RELTIVEN,RANTHRO
ki1126927-GUSTO,RELTIVEN,RANTHRO
kiGH5241-JiVitA-3,RELTIVEN,RANTHRO
kiGH5241-JiVitA-4,RELTIVEN,RANTHRO
ki1119695-PROBIT,RELTIVE,RANTHRO
ki1126311-ZVITAMBO,RELTIVE,RANTHRO
ki1126927-GUSTO,RELTIVE,RANTHRO
kiGH5241-JiVitA-3,RELTIVE,RANTHRO
kiGH5241-JiVitA-4,RELTIVE,RANTHRO
ki1119695-PROBIT,WTKG,RANTHRO
ki1126927-GUSTO,WTKG,RANTHRO
kiGH5241-JiVitA-3,WTKG,RANTHRO
ki1119695-PROBIT,HTCM,RANTHRO
ki1126927-GUSTO,HTCM,RANTHRO
kiGH5241-JiVitA-3,HTCM,RANTHRO
ki1126927-GUSTO,BMI,RANTHRO
kiGH5241-JiVitA-3,BMI,RANTHRO
ki1126311-ZVITAMBO,MUACCM,RANTHRO
ki1126927-GUSTO,MUACCM,RANTHRO
kiGH5241-JiVitA-3,MUACCM,RANTHRO
kiGH5241-JiVitA-4,MUACCM,RANTHRO
ki1126927-GUSTO,MDACCM,RANTHRO
ki1126927-GUSTO,TSFTMM,RANTHRO
kiGH5241-JiVitA-3,TSFTMM,RANTHRO
ki1126927-GUSTO,SSFTMM,RANTHRO
kiGH5241-JiVitA-3,SSFTMM,RANTHRO
ki1126927-GUSTO,WSTCIRCM,RANTHRO
ki1126927-GUSTO,HPCIRCM,RANTHRO
ki1126927-GUSTO,BSFTMM,RANTHRO
ki1126927-GUSTO,SIFTMM,RANTHRO
CPP,SITEID,SITES
ki0047075-MAL-ED,SITEID,SITES
ki1000085-SOLUR,SITEID,SITES
ki1000108-CMC-V-BCS-2002,SITEID,SITES
ki1000109-EE,SITEID,SITES
ki1000109-Grip,SITEID,SITES
ki1000109-ResPak,SITEID,SITES
ki1000130-POPS,SITEID,SITES
ki1000130-SMOCC,SITEID,SITES
ki1000145-BIGCS Ultrasound,SITEID,SITES
ki1017093-NIH-Birth,SITEID,SITES
ki1017093-NIH-Preschool,SITEID,SITES
ki1017093-PROVIDE,SITEID,SITES
ki1101329-Keneba,SITEID,SITES
ki1112895-Bangladesh Diarrhea,SITEID,SITES
ki1112895-Burkina Faso Zn,SITEID,SITES
ki1112895-Ecuador Zn,SITEID,SITES
ki1112895-Guatemala BSC,SITEID,SITES
ki1112895-Peru Huascar,SITEID,SITES
ki1112895-Peru PersistDiarrhea,SITEID,SITES
ki1112895-Peru Zn,SITEID,SITES
ki1112895-iLiNS-Zinc,SITEID,SITES
ki1113344-GMS-Nepal,SITEID,SITES
ki1114097-CMIN,SITEID,SITES
ki1114097-CONTENT,SITEID,SITES
ki1119695-PROBIT,SITEID,SITES
ki1120016-BAMBAM,SITEID,SITES
ki1126311-ZVITAMBO,SITEID,SITES
ki1126927-GUSTO,SITEID,SITES
ki1135781-COHORTS,SITEID,SITES
ki1135782-INCAP,SITEID,SITES
ki1135978-Fels,SITEID,SITES
kiGH5241-JiVitA-3,SITEID,SITES
kiGH5241-JiVitA-4,SITEID,SITES
CPP,CTRYCD,SITES
ki0047075-MAL-ED,CTRYCD,SITES
ki1000085-SOLUR,CTRYCD,SITES
ki1000108-CMC-V-BCS-2002,CTRYCD,SITES
ki1000109-EE,CTRYCD,SITES
ki1000109-Grip,CTRYCD,SITES
ki1000109-ResPak,CTRYCD,SITES
ki1000130-POPS,CTRYCD,SITES
ki1000130-SMOCC,CTRYCD,SITES
ki1000145-BIGCS Ultrasound,CTRYCD,SITES
ki1017093-NIH-Birth,CTRYCD,SITES
ki1017093-NIH-Preschool,CTRYCD,SITES
ki1017093-PROVIDE,CTRYCD,SITES
ki1101329-Keneba,CTRYCD,SITES
ki1112895-Bangladesh Diarrhea,CTRYCD,SITES
ki1112895-Burkina Faso Zn,CTRYCD,SITES
ki1112895-Ecuador Zn,CTRYCD,SITES
ki1112895-Guatemala BSC,CTRYCD,SITES
ki1112895-Peru Huascar,CTRYCD,SITES
ki1112895-Peru PersistDiarrhea,CTRYCD,SITES
ki1112895-Peru Zn,CTRYCD,SITES
ki1112895-iLiNS-Zinc,CTRYCD,SITES
ki1113344-GMS-Nepal,CTRYCD,SITES
ki1114097-CMIN,CTRYCD,SITES
ki1114097-CONTENT,CTRYCD,SITES
ki1119695-PROBIT,CTRYCD,SITES
ki1120016-BAMBAM,CTRYCD,SITES
ki1126311-ZVITAMBO,CTRYCD,SITES
ki1126927-GUSTO,CTRYCD,SITES
ki1135781-COHORTS,CTRYCD,SITES
ki1135782-INCAP,CTRYCD,SITES
ki1135978-Fels,CTRYCD,SITES
kiGH5241-JiVitA-3,CTRYCD,SITES
kiGH5241-JiVitA-4,CTRYCD,SITES
CPP,COUNTRY,SITES
ki0047075-MAL-ED,COUNTRY,SITES
ki1000085-SOLUR,COUNTRY,SITES
ki1000108-CMC-V-BCS-2002,COUNTRY,SITES
ki1000109-EE,COUNTRY,SITES
ki1000109-Grip,COUNTRY,SITES
ki1000109-ResPak,COUNTRY,SITES
ki1000130-POPS,COUNTRY,SITES
ki1000130-SMOCC,COUNTRY,SITES
ki1000145-BIGCS Ultrasound,COUNTRY,SITES
ki1017093-NIH-Birth,COUNTRY,SITES
ki1017093-NIH-Preschool,COUNTRY,SITES
ki1017093-PROVIDE,COUNTRY,SITES
ki1101329-Keneba,COUNTRY,SITES
ki1112895-Bangladesh Diarrhea,COUNTRY,SITES
ki1112895-Burkina Faso Zn,COUNTRY,SITES
ki1112895-Ecuador Zn,COUNTRY,SITES
ki1112895-Guatemala BSC,COUNTRY,SITES
ki1112895-Peru Huascar,COUNTRY,SITES
ki1112895-Peru PersistDiarrhea,COUNTRY,SITES
ki1112895-Peru Zn,COUNTRY,SITES
ki1112895-iLiNS-Zinc,COUNTRY,SITES
ki1113344-GMS-Nepal,COUNTRY,SITES
ki1114097-CMIN,COUNTRY,SITES
ki1114097-CONTENT,COUNTRY,SITES
ki1119695-PROBIT,COUNTRY,SITES
ki1120016-BAMBAM,COUNTRY,SITES
ki1126311-ZVITAMBO,COUNTRY,SITES
ki1126927-GUSTO,COUNTRY,SITES
ki1135781-COHORTS,COUNTRY,SITES
ki1135782-INCAP,COUNTRY,SITES
ki1135978-Fels,COUNTRY,SITES
kiGH5241-JiVitA-3,COUNTRY,SITES
kiGH5241-JiVitA-4,COUNTRY,SITES
CPP,REGCTRY,SITES
ki1112895-Bangladesh Diarrhea,REGCTRY,SITES
ki1112895-Burkina Faso Zn,REGCTRY,SITES
ki1113344-GMS-Nepal,REGCTRY,SITES
ki1120016-BAMBAM,REGCTRY,SITES
ki1126927-GUSTO,REGCTRY,SITES
ki1135781-COHORTS,REGCTRY,SITES
ki1135782-INCAP,REGCTRY,SITES
ki1135978-Fels,REGCTRY,SITES
kiGH5241-JiVitA-3,REGCTRY,SITES
kiGH5241-JiVitA-4,REGCTRY,SITES
CPP,REGCTYP,SITES
ki1112895-Bangladesh Diarrhea,REGCTYP,SITES
ki1112895-Burkina Faso Zn,REGCTYP,SITES
ki1113344-GMS-Nepal,REGCTYP,SITES
ki1120016-BAMBAM,REGCTYP,SITES
ki1135978-Fels,REGCTYP,SITES
kiGH5241-JiVitA-3,REGCTYP,SITES
kiGH5241-JiVitA-4,REGCTYP,SITES
CPP,CITYTOWN,SITES
ki0047075-MAL-ED,CITYTOWN,SITES
ki1000085-SOLUR,CITYTOWN,SITES
ki1000108-CMC-V-BCS-2002,CITYTOWN,SITES
ki1000109-EE,CITYTOWN,SITES
ki1000109-Grip,CITYTOWN,SITES
ki1000109-ResPak,CITYTOWN,SITES
ki1000130-SMOCC,CITYTOWN,SITES
ki1000145-BIGCS Ultrasound,CITYTOWN,SITES
ki1017093-NIH-Birth,CITYTOWN,SITES
ki1017093-NIH-Preschool,CITYTOWN,SITES
ki1017093-PROVIDE,CITYTOWN,SITES
ki1101329-Keneba,CITYTOWN,SITES
ki1112895-Ecuador Zn,CITYTOWN,SITES
ki1112895-Guatemala BSC,CITYTOWN,SITES
ki1112895-Peru Huascar,CITYTOWN,SITES
ki1112895-Peru PersistDiarrhea,CITYTOWN,SITES
ki1112895-Peru Zn,CITYTOWN,SITES
ki1112895-iLiNS-Zinc,CITYTOWN,SITES
ki1114097-CONTENT,CITYTOWN,SITES
ki1120016-BAMBAM,CITYTOWN,SITES
ki1126311-ZVITAMBO,CITYTOWN,SITES
ki1126927-GUSTO,CITYTOWN,SITES
ki1135781-COHORTS,CITYTOWN,SITES
ki1135978-Fels,CITYTOWN,SITES
kiGH5241-JiVitA-3,CITYTOWN,SITES
kiGH5241-JiVitA-4,CITYTOWN,SITES
CPP,LATITUDE,SITES
ki0047075-MAL-ED,LATITUDE,SITES
ki1000085-SOLUR,LATITUDE,SITES
ki1000108-CMC-V-BCS-2002,LATITUDE,SITES
ki1000109-EE,LATITUDE,SITES
ki1000109-Grip,LATITUDE,SITES
ki1000109-ResPak,LATITUDE,SITES
ki1000130-POPS,LATITUDE,SITES
ki1000130-SMOCC,LATITUDE,SITES
ki1000145-BIGCS Ultrasound,LATITUDE,SITES
ki1017093-NIH-Birth,LATITUDE,SITES
ki1017093-NIH-Preschool,LATITUDE,SITES
ki1017093-PROVIDE,LATITUDE,SITES
ki1101329-Keneba,LATITUDE,SITES
ki1112895-Bangladesh Diarrhea,LATITUDE,SITES
ki1112895-Burkina Faso Zn,LATITUDE,SITES
ki1112895-Ecuador Zn,LATITUDE,SITES
ki1112895-Guatemala BSC,LATITUDE,SITES
ki1112895-Peru Huascar,LATITUDE,SITES
ki1112895-Peru PersistDiarrhea,LATITUDE,SITES
ki1112895-Peru Zn,LATITUDE,SITES
ki1112895-iLiNS-Zinc,LATITUDE,SITES
ki1113344-GMS-Nepal,LATITUDE,SITES
ki1114097-CONTENT,LATITUDE,SITES
ki1119695-PROBIT,LATITUDE,SITES
ki1120016-BAMBAM,LATITUDE,SITES
ki1126311-ZVITAMBO,LATITUDE,SITES
ki1126927-GUSTO,LATITUDE,SITES
ki1135781-COHORTS,LATITUDE,SITES
ki1135782-INCAP,LATITUDE,SITES
ki1135978-Fels,LATITUDE,SITES
kiGH5241-JiVitA-3,LATITUDE,SITES
kiGH5241-JiVitA-4,LATITUDE,SITES
CPP,LONGITUD,SITES
ki0047075-MAL-ED,LONGITUD,SITES
ki1000085-SOLUR,LONGITUD,SITES
ki1000108-CMC-V-BCS-2002,LONGITUD,SITES
ki1000109-EE,LONGITUD,SITES
ki1000109-Grip,LONGITUD,SITES
ki1000109-ResPak,LONGITUD,SITES
ki1000130-POPS,LONGITUD,SITES
ki1000130-SMOCC,LONGITUD,SITES
ki1000145-BIGCS Ultrasound,LONGITUD,SITES
ki1017093-NIH-Birth,LONGITUD,SITES
ki1017093-NIH-Preschool,LONGITUD,SITES
ki1017093-PROVIDE,LONGITUD,SITES
ki1101329-Keneba,LONGITUD,SITES
ki1112895-Bangladesh Diarrhea,LONGITUD,SITES
ki1112895-Burkina Faso Zn,LONGITUD,SITES
ki1112895-Ecuador Zn,LONGITUD,SITES
ki1112895-Guatemala BSC,LONGITUD,SITES
ki1112895-Peru Huascar,LONGITUD,SITES
ki1112895-Peru PersistDiarrhea,LONGITUD,SITES
ki1112895-Peru Zn,LONGITUD,SITES
ki1112895-iLiNS-Zinc,LONGITUD,SITES
ki1113344-GMS-Nepal,LONGITUD,SITES
ki1114097-CONTENT,LONGITUD,SITES
ki1119695-PROBIT,LONGITUD,SITES
ki1120016-BAMBAM,LONGITUD,SITES
ki1126311-ZVITAMBO,LONGITUD,SITES
ki1126927-GUSTO,LONGITUD,SITES
ki1135781-COHORTS,LONGITUD,SITES
ki1135782-INCAP,LONGITUD,SITES
ki1135978-Fels,LONGITUD,SITES
kiGH5241-JiVitA-3,LONGITUD,SITES
kiGH5241-JiVitA-4,LONGITUD,SITES
ki0047075-MAL-ED,ELEVATN,SITES
ki1000130-POPS,ELEVATN,SITES
ki1000130-SMOCC,ELEVATN,SITES
ki1000145-BIGCS Ultrasound,ELEVATN,SITES
ki1017093-PROVIDE,ELEVATN,SITES
ki1112895-Ecuador Zn,ELEVATN,SITES
ki1112895-Peru PersistDiarrhea,ELEVATN,SITES
ki1112895-iLiNS-Zinc,ELEVATN,SITES
ki1114097-CONTENT,ELEVATN,SITES
ki1120016-BAMBAM,ELEVATN,SITES
ki1126927-GUSTO,ELEVATN,SITES
ki1135781-COHORTS,ELEVATN,SITES
ki1135782-INCAP,ELEVATN,SITES
kiGH5241-JiVitA-3,ELEVATN,SITES
kiGH5241-JiVitA-4,ELEVATN,SITES
CPP,SUBJID,SS
ki0047075-MAL-ED,SUBJID,SS
ki1000085-SOLUR,SUBJID,SS
ki1000109-EE,SUBJID,SS
ki1000145-BIGCS Ultrasound,SUBJID,SS
ki1017093-NIH-Birth,SUBJID,SS
ki1017093-NIH-Preschool,SUBJID,SS
ki1017093-PROVIDE,SUBJID,SS
ki1112895-Bangladesh Diarrhea,SUBJID,SS
ki1112895-Burkina Faso Zn,SUBJID,SS
ki1112895-Ecuador Zn,SUBJID,SS
ki1112895-Guatemala BSC,SUBJID,SS
ki1112895-Peru Huascar,SUBJID,SS
ki1112895-Peru PersistDiarrhea,SUBJID,SS
ki1112895-Peru Zn,SUBJID,SS
ki1112895-iLiNS-Zinc,SUBJID,SS
ki1113344-GMS-Nepal,SUBJID,SS
ki1114097-CONTENT,SUBJID,SS
ki1119695-PROBIT,SUBJID,SS
ki1120016-BAMBAM,SUBJID,SS
ki1126311-ZVITAMBO,SUBJID,SS
ki1126927-GUSTO,SUBJID,SS
ki1135781-COHORTS,SUBJID,SS
ki1135782-INCAP,SUBJID,SS
ki1135978-Fels,SUBJID,SS
kiGH5241-JiVitA-3,SUBJID,SS
kiGH5241-JiVitA-4,SUBJID,SS
CPP,SSTESTCD,SS
ki0047075-MAL-ED,SSTESTCD,SS
ki1000085-SOLUR,SSTESTCD,SS
ki1000109-EE,SSTESTCD,SS
ki1000145-BIGCS Ultrasound,SSTESTCD,SS
ki1017093-NIH-Birth,SSTESTCD,SS
ki1017093-NIH-Preschool,SSTESTCD,SS
ki1017093-PROVIDE,SSTESTCD,SS
ki1112895-Bangladesh Diarrhea,SSTESTCD,SS
ki1112895-Burkina Faso Zn,SSTESTCD,SS
ki1112895-Ecuador Zn,SSTESTCD,SS
ki1112895-Guatemala BSC,SSTESTCD,SS
ki1112895-Peru Huascar,SSTESTCD,SS
ki1112895-Peru PersistDiarrhea,SSTESTCD,SS
ki1112895-Peru Zn,SSTESTCD,SS
ki1112895-iLiNS-Zinc,SSTESTCD,SS
ki1113344-GMS-Nepal,SSTESTCD,SS
ki1114097-CONTENT,SSTESTCD,SS
ki1119695-PROBIT,SSTESTCD,SS
ki1120016-BAMBAM,SSTESTCD,SS
ki1126311-ZVITAMBO,SSTESTCD,SS
ki1126927-GUSTO,SSTESTCD,SS
ki1135781-COHORTS,SSTESTCD,SS
ki1135782-INCAP,SSTESTCD,SS
ki1135978-Fels,SSTESTCD,SS
kiGH5241-JiVitA-3,SSTESTCD,SS
kiGH5241-JiVitA-4,SSTESTCD,SS
ki0047075-MAL-ED,AGEDAYS,SS
ki1017093-NIH-Preschool,AGEDAYS,SS
ki1017093-PROVIDE,AGEDAYS,SS
ki1112895-Peru PersistDiarrhea,AGEDAYS,SS
ki1112895-Peru Zn,AGEDAYS,SS
ki1120016-BAMBAM,AGEDAYS,SS
ki1126311-ZVITAMBO,AGEDAYS,SS
ki1135978-Fels,AGEDAYS,SS
kiGH5241-JiVitA-3,AGEDAYS,SS
kiGH5241-JiVitA-4,AGEDAYS,SS
ki1120016-BAMBAM,GAGEDAYS,SS
kiGH5241-JiVitA-4,VISITNUM,SS
ki1112895-Bangladesh Diarrhea,SSORRES,SS
ki1112895-Peru Huascar,SSORRES,SS
ki1126927-GUSTO,SSORRES,SS
ki1135781-COHORTS,SSORRES,SS
kiGH5241-JiVitA-3,SSORRES,SS
kiGH5241-JiVitA-4,SSORRES,SS
ki1112895-Bangladesh Diarrhea,SSORRESU,SS
kiGH5241-JiVitA-4,SSORRESU,SS
CPP,SSSTRESC,SS
ki0047075-MAL-ED,SSSTRESC,SS
ki1000109-EE,SSSTRESC,SS
ki1000145-BIGCS Ultrasound,SSSTRESC,SS
ki1017093-NIH-Birth,SSSTRESC,SS
ki1017093-NIH-Preschool,SSSTRESC,SS
ki1017093-PROVIDE,SSSTRESC,SS
ki1112895-Bangladesh Diarrhea,SSSTRESC,SS
ki1112895-Burkina Faso Zn,SSSTRESC,SS
ki1112895-Ecuador Zn,SSSTRESC,SS
ki1112895-Peru Huascar,SSSTRESC,SS
ki1112895-Peru PersistDiarrhea,SSSTRESC,SS
ki1112895-Peru Zn,SSSTRESC,SS
ki1112895-iLiNS-Zinc,SSSTRESC,SS
ki1113344-GMS-Nepal,SSSTRESC,SS
ki1114097-CONTENT,SSSTRESC,SS
ki1119695-PROBIT,SSSTRESC,SS
ki1120016-BAMBAM,SSSTRESC,SS
ki1126311-ZVITAMBO,SSSTRESC,SS
ki1126927-GUSTO,SSSTRESC,SS
ki1135781-COHORTS,SSSTRESC,SS
ki1135782-INCAP,SSSTRESC,SS
ki1135978-Fels,SSSTRESC,SS
kiGH5241-JiVitA-3,SSSTRESC,SS
kiGH5241-JiVitA-4,SSSTRESC,SS
CPP,SSSTRESN,SS
ki0047075-MAL-ED,SSSTRESN,SS
ki1000085-SOLUR,SSSTRESN,SS
ki1000109-EE,SSSTRESN,SS
ki1000145-BIGCS Ultrasound,SSSTRESN,SS
ki1017093-NIH-Birth,SSSTRESN,SS
ki1017093-NIH-Preschool,SSSTRESN,SS
ki1017093-PROVIDE,SSSTRESN,SS
ki1112895-Bangladesh Diarrhea,SSSTRESN,SS
ki1112895-Burkina Faso Zn,SSSTRESN,SS
ki1112895-Ecuador Zn,SSSTRESN,SS
ki1112895-Guatemala BSC,SSSTRESN,SS
ki1112895-Peru Huascar,SSSTRESN,SS
ki1112895-Peru PersistDiarrhea,SSSTRESN,SS
ki1112895-Peru Zn,SSSTRESN,SS
ki1112895-iLiNS-Zinc,SSSTRESN,SS
ki1113344-GMS-Nepal,SSSTRESN,SS
ki1114097-CONTENT,SSSTRESN,SS
ki1119695-PROBIT,SSSTRESN,SS
ki1120016-BAMBAM,SSSTRESN,SS
ki1126311-ZVITAMBO,SSSTRESN,SS
ki1126927-GUSTO,SSSTRESN,SS
ki1135781-COHORTS,SSSTRESN,SS
ki1135782-INCAP,SSSTRESN,SS
ki1135978-Fels,SSSTRESN,SS
kiGH5241-JiVitA-3,SSSTRESN,SS
kiGH5241-JiVitA-4,SSSTRESN,SS
CPP,SSSTRESU,SS
ki0047075-MAL-ED,SSSTRESU,SS
ki1017093-NIH-Birth,SSSTRESU,SS
ki1017093-NIH-Preschool,SSSTRESU,SS
ki1017093-PROVIDE,SSSTRESU,SS
ki1112895-Bangladesh Diarrhea,SSSTRESU,SS
ki1112895-Peru Zn,SSSTRESU,SS
ki1113344-GMS-Nepal,SSSTRESU,SS
ki1126311-ZVITAMBO,SSSTRESU,SS
ki1126927-GUSTO,SSSTRESU,SS
ki1135978-Fels,SSSTRESU,SS
kiGH5241-JiVitA-3,SSSTRESU,SS
kiGH5241-JiVitA-4,SSSTRESU,SS
CPP,SUBJID,SUBJ
ki0047075-MAL-ED,SUBJID,SUBJ
ki1000085-SOLUR,SUBJID,SUBJ
ki1000108-CMC-V-BCS-2002,SUBJID,SUBJ
ki1000109-EE,SUBJID,SUBJ
ki1000109-Grip,SUBJID,SUBJ
ki1000109-ResPak,SUBJID,SUBJ
ki1000130-POPS,SUBJID,SUBJ
ki1000130-SMOCC,SUBJID,SUBJ
ki1000145-BIGCS Ultrasound,SUBJID,SUBJ
ki1017093-NIH-Birth,SUBJID,SUBJ
ki1017093-NIH-Preschool,SUBJID,SUBJ
ki1017093-PROVIDE,SUBJID,SUBJ
ki1101329-Keneba,SUBJID,SUBJ
ki1112895-Bangladesh Diarrhea,SUBJID,SUBJ
ki1112895-Burkina Faso Zn,SUBJID,SUBJ
ki1112895-Ecuador Zn,SUBJID,SUBJ
ki1112895-Guatemala BSC,SUBJID,SUBJ
ki1112895-Peru Huascar,SUBJID,SUBJ
ki1112895-Peru PersistDiarrhea,SUBJID,SUBJ
ki1112895-Peru Zn,SUBJID,SUBJ
ki1112895-iLiNS-Zinc,SUBJID,SUBJ
ki1113344-GMS-Nepal,SUBJID,SUBJ
ki1114097-CMIN,SUBJID,SUBJ
ki1114097-CONTENT,SUBJID,SUBJ
ki1119695-PROBIT,SUBJID,SUBJ
ki1120016-BAMBAM,SUBJID,SUBJ
ki1126311-ZVITAMBO,SUBJID,SUBJ
ki1126927-GUSTO,SUBJID,SUBJ
ki1135781-COHORTS,SUBJID,SUBJ
ki1135782-INCAP,SUBJID,SUBJ
ki1135978-Fels,SUBJID,SUBJ
kiGH5241-JiVitA-3,SUBJID,SUBJ
kiGH5241-JiVitA-4,SUBJID,SUBJ
CPP,SUBJIDO,SUBJ
ki0047075-MAL-ED,SUBJIDO,SUBJ
ki1000130-POPS,SUBJIDO,SUBJ
ki1000130-SMOCC,SUBJIDO,SUBJ
ki1000145-BIGCS Ultrasound,SUBJIDO,SUBJ
ki1017093-PROVIDE,SUBJIDO,SUBJ
ki1112895-Ecuador Zn,SUBJIDO,SUBJ
ki1112895-Peru PersistDiarrhea,SUBJIDO,SUBJ
ki1112895-iLiNS-Zinc,SUBJIDO,SUBJ
ki1120016-BAMBAM,SUBJIDO,SUBJ
ki1126311-ZVITAMBO,SUBJIDO,SUBJ
ki1126927-GUSTO,SUBJIDO,SUBJ
ki1135781-COHORTS,SUBJIDO,SUBJ
ki1135782-INCAP,SUBJIDO,SUBJ
ki1135978-Fels,SUBJIDO,SUBJ
kiGH5241-JiVitA-3,SUBJIDO,SUBJ
CPP,SITEID,SUBJ
ki0047075-MAL-ED,SITEID,SUBJ
ki1000085-SOLUR,SITEID,SUBJ
ki1000108-CMC-V-BCS-2002,SITEID,SUBJ
ki1000109-EE,SITEID,SUBJ
ki1000109-Grip,SITEID,SUBJ
ki1000109-ResPak,SITEID,SUBJ
ki1000130-POPS,SITEID,SUBJ
ki1000130-SMOCC,SITEID,SUBJ
ki1000145-BIGCS Ultrasound,SITEID,SUBJ
ki1017093-NIH-Birth,SITEID,SUBJ
ki1017093-NIH-Preschool,SITEID,SUBJ
ki1017093-PROVIDE,SITEID,SUBJ
ki1101329-Keneba,SITEID,SUBJ
ki1112895-Bangladesh Diarrhea,SITEID,SUBJ
ki1112895-Burkina Faso Zn,SITEID,SUBJ
ki1112895-Ecuador Zn,SITEID,SUBJ
ki1112895-Guatemala BSC,SITEID,SUBJ
ki1112895-Peru Huascar,SITEID,SUBJ
ki1112895-Peru PersistDiarrhea,SITEID,SUBJ
ki1112895-Peru Zn,SITEID,SUBJ
ki1112895-iLiNS-Zinc,SITEID,SUBJ
ki1113344-GMS-Nepal,SITEID,SUBJ
ki1114097-CMIN,SITEID,SUBJ
ki1114097-CONTENT,SITEID,SUBJ
ki1119695-PROBIT,SITEID,SUBJ
ki1120016-BAMBAM,SITEID,SUBJ
ki1126311-ZVITAMBO,SITEID,SUBJ
ki1126927-GUSTO,SITEID,SUBJ
ki1135781-COHORTS,SITEID,SUBJ
ki1135782-INCAP,SITEID,SUBJ
ki1135978-Fels,SITEID,SUBJ
kiGH5241-JiVitA-3,SITEID,SUBJ
kiGH5241-JiVitA-4,SITEID,SUBJ
ki1112895-iLiNS-Zinc,FAMID,SUBJ
ki1135978-Fels,FAMID,SUBJ
CPP,SEXN,SUBJ
ki0047075-MAL-ED,SEXN,SUBJ
ki1000085-SOLUR,SEXN,SUBJ
ki1000108-CMC-V-BCS-2002,SEXN,SUBJ
ki1000109-EE,SEXN,SUBJ
ki1000109-Grip,SEXN,SUBJ
ki1000109-ResPak,SEXN,SUBJ
ki1000130-POPS,SEXN,SUBJ
ki1000130-SMOCC,SEXN,SUBJ
ki1000145-BIGCS Ultrasound,SEXN,SUBJ
ki1017093-NIH-Birth,SEXN,SUBJ
ki1017093-NIH-Preschool,SEXN,SUBJ
ki1017093-PROVIDE,SEXN,SUBJ
ki1101329-Keneba,SEXN,SUBJ
ki1112895-Bangladesh Diarrhea,SEXN,SUBJ
ki1112895-Burkina Faso Zn,SEXN,SUBJ
ki1112895-Ecuador Zn,SEXN,SUBJ
ki1112895-Guatemala BSC,SEXN,SUBJ
ki1112895-Peru Huascar,SEXN,SUBJ
ki1112895-Peru PersistDiarrhea,SEXN,SUBJ
ki1112895-Peru Zn,SEXN,SUBJ
ki1112895-iLiNS-Zinc,SEXN,SUBJ
ki1113344-GMS-Nepal,SEXN,SUBJ
ki1114097-CMIN,SEXN,SUBJ
ki1114097-CONTENT,SEXN,SUBJ
ki1119695-PROBIT,SEXN,SUBJ
ki1120016-BAMBAM,SEXN,SUBJ
ki1126311-ZVITAMBO,SEXN,SUBJ
ki1126927-GUSTO,SEXN,SUBJ
ki1135781-COHORTS,SEXN,SUBJ
ki1135782-INCAP,SEXN,SUBJ
ki1135978-Fels,SEXN,SUBJ
kiGH5241-JiVitA-3,SEXN,SUBJ
kiGH5241-JiVitA-4,SEXN,SUBJ
CPP,SEX,SUBJ
ki0047075-MAL-ED,SEX,SUBJ
ki1000085-SOLUR,SEX,SUBJ
ki1000108-CMC-V-BCS-2002,SEX,SUBJ
ki1000109-EE,SEX,SUBJ
ki1000109-Grip,SEX,SUBJ
ki1000109-ResPak,SEX,SUBJ
ki1000130-POPS,SEX,SUBJ
ki1000130-SMOCC,SEX,SUBJ
ki1000145-BIGCS Ultrasound,SEX,SUBJ
ki1017093-NIH-Birth,SEX,SUBJ
ki1017093-NIH-Preschool,SEX,SUBJ
ki1017093-PROVIDE,SEX,SUBJ
ki1101329-Keneba,SEX,SUBJ
ki1112895-Bangladesh Diarrhea,SEX,SUBJ
ki1112895-Burkina Faso Zn,SEX,SUBJ
ki1112895-Ecuador Zn,SEX,SUBJ
ki1112895-Guatemala BSC,SEX,SUBJ
ki1112895-Peru Huascar,SEX,SUBJ
ki1112895-Peru PersistDiarrhea,SEX,SUBJ
ki1112895-Peru Zn,SEX,SUBJ
ki1112895-iLiNS-Zinc,SEX,SUBJ
ki1113344-GMS-Nepal,SEX,SUBJ
ki1114097-CMIN,SEX,SUBJ
ki1114097-CONTENT,SEX,SUBJ
ki1119695-PROBIT,SEX,SUBJ
ki1120016-BAMBAM,SEX,SUBJ
ki1126311-ZVITAMBO,SEX,SUBJ
ki1126927-GUSTO,SEX,SUBJ
ki1135781-COHORTS,SEX,SUBJ
ki1135782-INCAP,SEX,SUBJ
ki1135978-Fels,SEX,SUBJ
kiGH5241-JiVitA-3,SEX,SUBJ
kiGH5241-JiVitA-4,SEX,SUBJ
ki0047075-MAL-ED,RACEN,SUBJ
ki1135781-COHORTS,RACEN,SUBJ
ki1135978-Fels,RACEN,SUBJ
ki0047075-MAL-ED,RACE,SUBJ
ki1135781-COHORTS,RACE,SUBJ
ki1135978-Fels,RACE,SUBJ
ki1135781-COHORTS,RACESPFY,SUBJ
ki1000130-POPS,ETHNIC,SUBJ
ki1017093-NIH-Preschool,ARMCD,SUBJ
ki1112895-Burkina Faso Zn,ARMCD,SUBJ
ki1112895-Ecuador Zn,ARMCD,SUBJ
ki1112895-Guatemala BSC,ARMCD,SUBJ
ki1112895-Peru PersistDiarrhea,ARMCD,SUBJ
ki1112895-Peru Zn,ARMCD,SUBJ
ki1112895-iLiNS-Zinc,ARMCD,SUBJ
ki1119695-PROBIT,ARMCD,SUBJ
kiGH5241-JiVitA-3,ARMCD,SUBJ
kiGH5241-JiVitA-4,ARMCD,SUBJ
ki1017093-NIH-Preschool,ARM,SUBJ
ki1112895-Burkina Faso Zn,ARM,SUBJ
ki1112895-Ecuador Zn,ARM,SUBJ
ki1112895-Guatemala BSC,ARM,SUBJ
ki1112895-Peru PersistDiarrhea,ARM,SUBJ
ki1112895-Peru Zn,ARM,SUBJ
ki1112895-iLiNS-Zinc,ARM,SUBJ
ki1119695-PROBIT,ARM,SUBJ
kiGH5241-JiVitA-3,ARM,SUBJ
kiGH5241-JiVitA-4,ARM,SUBJ
ki1112895-Peru PersistDiarrhea,STRATUMN,SUBJ
ki1112895-iLiNS-Zinc,STRATUMN,SUBJ
ki1119695-PROBIT,STRATUMN,SUBJ
ki1120016-BAMBAM,STRATUMN,SUBJ
kiGH5241-JiVitA-4,STRATUMN,SUBJ
ki1112895-Peru PersistDiarrhea,STRATUM,SUBJ
ki1112895-iLiNS-Zinc,STRATUM,SUBJ
ki1119695-PROBIT,STRATUM,SUBJ
ki1120016-BAMBAM,STRATUM,SUBJ
kiGH5241-JiVitA-4,STRATUM,SUBJ
ki1000085-SOLUR,FEEDINGN,SUBJ
ki1000109-EE,FEEDINGN,SUBJ
ki1000130-SMOCC,FEEDINGN,SUBJ
ki1000145-BIGCS Ultrasound,FEEDINGN,SUBJ
ki1017093-PROVIDE,FEEDINGN,SUBJ
ki1113344-GMS-Nepal,FEEDINGN,SUBJ
ki1119695-PROBIT,FEEDINGN,SUBJ
ki1120016-BAMBAM,FEEDINGN,SUBJ
ki1126311-ZVITAMBO,FEEDINGN,SUBJ
ki1135781-COHORTS,FEEDINGN,SUBJ
ki1135978-Fels,FEEDINGN,SUBJ
kiGH5241-JiVitA-4,FEEDINGN,SUBJ
ki1000085-SOLUR,FEEDING,SUBJ
ki1000109-EE,FEEDING,SUBJ
ki1000130-SMOCC,FEEDING,SUBJ
ki1000145-BIGCS Ultrasound,FEEDING,SUBJ
ki1017093-PROVIDE,FEEDING,SUBJ
ki1113344-GMS-Nepal,FEEDING,SUBJ
ki1119695-PROBIT,FEEDING,SUBJ
ki1120016-BAMBAM,FEEDING,SUBJ
ki1126311-ZVITAMBO,FEEDING,SUBJ
ki1135781-COHORTS,FEEDING,SUBJ
ki1135978-Fels,FEEDING,SUBJ
kiGH5241-JiVitA-4,FEEDING,SUBJ
ki1017093-NIH-Preschool,DURBRST,SUBJ
ki1017093-PROVIDE,DURBRST,SUBJ
ki1119695-PROBIT,DURBRST,SUBJ
ki1120016-BAMBAM,DURBRST,SUBJ
ki1126311-ZVITAMBO,DURBRST,SUBJ
ki1126927-GUSTO,DURBRST,SUBJ
ki1135781-COHORTS,DURBRST,SUBJ
ki1135978-Fels,DURBRST,SUBJ
kiGH5241-JiVitA-4,DURBRST,SUBJ
CPP,GAGEBRTH,SUBJ
ki1000085-SOLUR,GAGEBRTH,SUBJ
ki1000109-EE,GAGEBRTH,SUBJ
ki1000130-SMOCC,GAGEBRTH,SUBJ
ki1000145-BIGCS Ultrasound,GAGEBRTH,SUBJ
ki1101329-Keneba,GAGEBRTH,SUBJ
ki1113344-GMS-Nepal,GAGEBRTH,SUBJ
ki1119695-PROBIT,GAGEBRTH,SUBJ
ki1120016-BAMBAM,GAGEBRTH,SUBJ
ki1126927-GUSTO,GAGEBRTH,SUBJ
ki1135781-COHORTS,GAGEBRTH,SUBJ
ki1135782-INCAP,GAGEBRTH,SUBJ
ki1135978-Fels,GAGEBRTH,SUBJ
kiGH5241-JiVitA-3,GAGEBRTH,SUBJ
ki1017093-PROVIDE,AGEMNRCH,SUBJ
ki1126927-GUSTO,AGEMNRCH,SUBJ
ki1135781-COHORTS,AGEMNRCH,SUBJ
ki1135978-Fels,AGEMNRCH,SUBJ
ki1135978-Fels,BRTHYR,SUBJ
kiGH5241-JiVitA-3,BRTHYR,SUBJ
kiGH5241-JiVitA-4,BRTHYR,SUBJ
ki1101329-Keneba,BRTHWEEK,SUBJ
kiGH5241-JiVitA-3,BRTHWEEK,SUBJ
kiGH5241-JiVitA-4,BRTHWEEK,SUBJ
ki1000085-SOLUR,BWTREPT,SUBJ
ki1000108-CMC-V-BCS-2002,BWTREPT,SUBJ
ki1101329-Keneba,BWTREPT,SUBJ
ki1113344-GMS-Nepal,BWTREPT,SUBJ
CPP,BIRTHWT,SUBJ
ki0047075-MAL-ED,BIRTHWT,SUBJ
ki1000085-SOLUR,BIRTHWT,SUBJ
ki1000109-EE,BIRTHWT,SUBJ
ki1000130-POPS,BIRTHWT,SUBJ
ki1000130-SMOCC,BIRTHWT,SUBJ
ki1000145-BIGCS Ultrasound,BIRTHWT,SUBJ
ki1017093-PROVIDE,BIRTHWT,SUBJ
ki1112895-Ecuador Zn,BIRTHWT,SUBJ
ki1112895-Peru Zn,BIRTHWT,SUBJ
ki1119695-PROBIT,BIRTHWT,SUBJ
ki1120016-BAMBAM,BIRTHWT,SUBJ
ki1126311-ZVITAMBO,BIRTHWT,SUBJ
ki1126927-GUSTO,BIRTHWT,SUBJ
ki1135781-COHORTS,BIRTHWT,SUBJ
ki1135782-INCAP,BIRTHWT,SUBJ
ki1135978-Fels,BIRTHWT,SUBJ
kiGH5241-JiVitA-3,BIRTHWT,SUBJ
CPP,BIRTHLEN,SUBJ
ki1000108-CMC-V-BCS-2002,BIRTHLEN,SUBJ
ki1000130-SMOCC,BIRTHLEN,SUBJ
ki1000145-BIGCS Ultrasound,BIRTHLEN,SUBJ
ki1017093-PROVIDE,BIRTHLEN,SUBJ
ki1101329-Keneba,BIRTHLEN,SUBJ
ki1112895-Ecuador Zn,BIRTHLEN,SUBJ
ki1119695-PROBIT,BIRTHLEN,SUBJ
ki1120016-BAMBAM,BIRTHLEN,SUBJ
ki1126311-ZVITAMBO,BIRTHLEN,SUBJ
ki1126927-GUSTO,BIRTHLEN,SUBJ
ki1135781-COHORTS,BIRTHLEN,SUBJ
kiGH5241-JiVitA-3,BIRTHLEN,SUBJ
CPP,BIRTHHC,SUBJ
ki1000130-SMOCC,BIRTHHC,SUBJ
ki1000145-BIGCS Ultrasound,BIRTHHC,SUBJ
ki1101329-Keneba,BIRTHHC,SUBJ
ki1119695-PROBIT,BIRTHHC,SUBJ
ki1126311-ZVITAMBO,BIRTHHC,SUBJ
ki1126927-GUSTO,BIRTHHC,SUBJ
kiGH5241-JiVitA-3,BIRTHHC,SUBJ
ki1000130-SMOCC,DELIVERY,SUBJ
ki1000145-BIGCS Ultrasound,DELIVERY,SUBJ
ki1017093-PROVIDE,DELIVERY,SUBJ
ki1119695-PROBIT,DELIVERY,SUBJ
ki1126927-GUSTO,DELIVERY,SUBJ
ki1135978-Fels,DELIVERY,SUBJ
kiGH5241-JiVitA-3,DELIVERY,SUBJ
kiGH5241-JiVitA-4,DELIVERY,SUBJ
CPP,APGAR1,SUBJ
ki1000130-SMOCC,APGAR1,SUBJ
ki1119695-PROBIT,APGAR1,SUBJ
ki1126927-GUSTO,APGAR1,SUBJ
ki1135978-Fels,APGAR1,SUBJ
CPP,APGAR5,SUBJ
ki1000130-SMOCC,APGAR5,SUBJ
ki1119695-PROBIT,APGAR5,SUBJ
ki1126311-ZVITAMBO,APGAR5,SUBJ
ki1126927-GUSTO,APGAR5,SUBJ
ki1135978-Fels,APGAR5,SUBJ
ki1126927-GUSTO,APGAR10,SUBJ
ki1000130-POPS,DEAD,SUBJ
ki1113344-GMS-Nepal,DEAD,SUBJ
kiGH5241-JiVitA-4,DEAD,SUBJ
ki1000130-SMOCC,AGEDTH,SUBJ
ki1101329-Keneba,AGEDTH,SUBJ
ki1113344-GMS-Nepal,AGEDTH,SUBJ
ki1126311-ZVITAMBO,AGEDTH,SUBJ
kiGH5241-JiVitA-3,AGEDTH,SUBJ
kiGH5241-JiVitA-4,AGEDTH,SUBJ
ki1000130-SMOCC,CAUSEDTH,SUBJ
ki1113344-GMS-Nepal,CAUSEDTH,SUBJ
ki1126311-ZVITAMBO,CAUSEDTH,SUBJ
CPP,CRY,SUBJ
ki1000109-EE,CRY,SUBJ
ki1113344-GMS-Nepal,CRY,SUBJ
kiGH5241-JiVitA-3,CRY,SUBJ
kiGH5241-JiVitA-4,CRY,SUBJ
kiGH5241-JiVitA-3,PLCNTWT,SUBJ
ki0047075-MAL-ED,IMMBCG,SUBJ
ki1000109-EE,IMMBCG,SUBJ
ki1017093-NIH-Preschool,IMMBCG,SUBJ
ki1017093-PROVIDE,IMMBCG,SUBJ
kiGH5241-JiVitA-3,IMMBCG,SUBJ
kiGH5241-JiVitA-4,IMMBCG,SUBJ
ki0047075-MAL-ED,IMMOPV,SUBJ
ki1000109-EE,IMMOPV,SUBJ
ki1017093-NIH-Preschool,IMMOPV,SUBJ
kiGH5241-JiVitA-3,IMMOPV,SUBJ
kiGH5241-JiVitA-4,IMMOPV,SUBJ
ki1135781-COHORTS,AGESOLID,SUBJ
ki1000109-EE,RESPRELN,SUBJ
ki1000130-SMOCC,RESPRELN,SUBJ
kiGH5241-JiVitA-3,RESPRELN,SUBJ
kiGH5241-JiVitA-4,RESPRELN,SUBJ
ki1000109-EE,RESPREL,SUBJ
ki1000130-SMOCC,RESPREL,SUBJ
kiGH5241-JiVitA-3,RESPREL,SUBJ
kiGH5241-JiVitA-4,RESPREL,SUBJ
ki1113344-GMS-Nepal,MULTBRTH,SUBJ
ki1135978-Fels,MULTBRTH,SUBJ
kiGH5241-JiVitA-3,MULTBRTH,SUBJ
kiGH5241-JiVitA-4,MULTBRTH,SUBJ
ki1135978-Fels,SMOKSTAT,SUBJ
ki1135978-Fels,SMOKYRS,SUBJ
ki1135978-Fels,SMOKAMT,SUBJ
ki1135978-Fels,AGESMKSP,SUBJ
ki1135978-Fels,ETOHSTAT,SUBJ
ki1135978-Fels,ETOHAMT,SUBJ
ki1135978-Fels,AGEETOSP,SUBJ
ki1135978-Fels,HYSTCTMY,SUBJ
ki1135978-Fels,OOPHCTMY,SUBJ
CPP,SUBJID,VS
CPP4674-CPP4674,SUBJID,VS
ki1000109-EE,SUBJID,VS
ki1000145-BIGCS Ultrasound,SUBJID,VS
ki1017093-NIH-Birth,SUBJID,VS
ki1017093-PROVIDE,SUBJID,VS
ki1112895-iLiNS-Zinc,SUBJID,VS
ki1114097-CONTENT,SUBJID,VS
ki1119695-PROBIT,SUBJID,VS
ki1126927-GUSTO,SUBJID,VS
ki1135781-COHORTS,SUBJID,VS
ki1135978-Fels,SUBJID,VS
kiGH5241-JiVitA-3,SUBJID,VS
CPP,RELTIVEN,VS
CPP4674-CPP4674,RELTIVEN,VS
ki1000145-BIGCS Ultrasound,RELTIVEN,VS
ki1017093-PROVIDE,RELTIVEN,VS
ki1126927-GUSTO,RELTIVEN,VS
ki1135781-COHORTS,RELTIVEN,VS
kiGH5241-JiVitA-3,RELTIVEN,VS
CPP,RELTIVE,VS
CPP4674-CPP4674,RELTIVE,VS
ki1000145-BIGCS Ultrasound,RELTIVE,VS
ki1017093-PROVIDE,RELTIVE,VS
ki1126927-GUSTO,RELTIVE,VS
ki1135781-COHORTS,RELTIVE,VS
kiGH5241-JiVitA-3,RELTIVE,VS
CPP,EPOCHN,VS
ki1126927-GUSTO,EPOCHN,VS
kiGH5241-JiVitA-3,EPOCHN,VS
CPP,EPOCH,VS
ki1126927-GUSTO,EPOCH,VS
kiGH5241-JiVitA-3,EPOCH,VS
ki1114097-CONTENT,VSSEQ,VS
ki1126927-GUSTO,VSSEQ,VS
ki1135781-COHORTS,VSSEQ,VS
ki1135978-Fels,VSSEQ,VS
kiGH5241-JiVitA-3,VSSEQ,VS
CPP,VSTESTCD,VS
CPP4674-CPP4674,VSTESTCD,VS
ki1000109-EE,VSTESTCD,VS
ki1000145-BIGCS Ultrasound,VSTESTCD,VS
ki1017093-NIH-Birth,VSTESTCD,VS
ki1017093-PROVIDE,VSTESTCD,VS
ki1112895-iLiNS-Zinc,VSTESTCD,VS
ki1114097-CONTENT,VSTESTCD,VS
ki1119695-PROBIT,VSTESTCD,VS
ki1126927-GUSTO,VSTESTCD,VS
ki1135781-COHORTS,VSTESTCD,VS
ki1135978-Fels,VSTESTCD,VS
kiGH5241-JiVitA-3,VSTESTCD,VS
CPP4674-CPP4674,AGEDAYS,VS
ki1000109-EE,AGEDAYS,VS
ki1000145-BIGCS Ultrasound,AGEDAYS,VS
ki1017093-NIH-Birth,AGEDAYS,VS
ki1017093-PROVIDE,AGEDAYS,VS
ki1112895-iLiNS-Zinc,AGEDAYS,VS
ki1114097-CONTENT,AGEDAYS,VS
ki1119695-PROBIT,AGEDAYS,VS
ki1126927-GUSTO,AGEDAYS,VS
ki1135781-COHORTS,AGEDAYS,VS
ki1135978-Fels,AGEDAYS,VS
kiGH5241-JiVitA-3,AGEDAYS,VS
ki1000109-EE,GAGEDAYS,VS
ki1000145-BIGCS Ultrasound,GAGEDAYS,VS
ki1126927-GUSTO,AGEIMPFL,VS
ki1135781-COHORTS,AGEIMPFL,VS
CPP4674-CPP4674,VISITNUM,VS
ki1126927-GUSTO,VISITNUM,VS
ki1126927-GUSTO,VISITDY,VS
ki1126927-GUSTO,VSTPTNUM,VS
ki1135781-COHORTS,VSTPTNUM,VS
kiGH5241-JiVitA-3,VSTPTNUM,VS
ki1126927-GUSTO,VSPOSN,VS
ki1126927-GUSTO,VSPOS,VS
ki1000109-EE,VSORRES,VS
ki1126927-GUSTO,VSORRES,VS
ki1135781-COHORTS,VSORRES,VS
kiGH5241-JiVitA-3,VSORRES,VS
ki1000109-EE,VSORRESU,VS
ki1126927-GUSTO,VSORRESU,VS
kiGH5241-JiVitA-3,VSORRESU,VS
CPP,VSSTRESC,VS
ki1000109-EE,VSSTRESC,VS
ki1000145-BIGCS Ultrasound,VSSTRESC,VS
ki1112895-iLiNS-Zinc,VSSTRESC,VS
ki1119695-PROBIT,VSSTRESC,VS
ki1126927-GUSTO,VSSTRESC,VS
ki1135781-COHORTS,VSSTRESC,VS
ki1135978-Fels,VSSTRESC,VS
kiGH5241-JiVitA-3,VSSTRESC,VS
CPP,VSSTRESN,VS
CPP4674-CPP4674,VSSTRESN,VS
ki1000109-EE,VSSTRESN,VS
ki1000145-BIGCS Ultrasound,VSSTRESN,VS
ki1017093-NIH-Birth,VSSTRESN,VS
ki1017093-PROVIDE,VSSTRESN,VS
ki1112895-iLiNS-Zinc,VSSTRESN,VS
ki1114097-CONTENT,VSSTRESN,VS
ki1119695-PROBIT,VSSTRESN,VS
ki1126927-GUSTO,VSSTRESN,VS
ki1135781-COHORTS,VSSTRESN,VS
ki1135978-Fels,VSSTRESN,VS
kiGH5241-JiVitA-3,VSSTRESN,VS
CPP,VSSTRESU,VS
CPP4674-CPP4674,VSSTRESU,VS
ki1000109-EE,VSSTRESU,VS
ki1000145-BIGCS Ultrasound,VSSTRESU,VS
ki1017093-NIH-Birth,VSSTRESU,VS
ki1017093-PROVIDE,VSSTRESU,VS
ki1112895-iLiNS-Zinc,VSSTRESU,VS
ki1114097-CONTENT,VSSTRESU,VS
ki1119695-PROBIT,VSSTRESU,VS
ki1126927-GUSTO,VSSTRESU,VS
ki1135781-COHORTS,VSSTRESU,VS
ki1135978-Fels,VSSTRESU,VS
kiGH5241-JiVitA-3,VSSTRESU,VS
